area_sqft,location,bedrooms,bathrooms,age_years,garage,garden,lift,near_school,distance_to_city_km,price
3318.0,Kydganj,6,4.0,12,1.0,0,0,1,1.36,16792830.0
1143.0,Sulem Sarai,3,1.0,14,1.0,1,0,0,6.42,7799768.0
945.0,Subedarganj,3,3.0,29,1.0,0,0,1,2.87,3944666.0
767.0,Tagore Town,2,3.0,47,1.0,0,0,0,1.86,5782531.0
1351.0,Alopibagh,3,2.0,4,1.0,0,1,1,2.9,7118173.0
1552.0,Muthiganj,4,2.0,3,1.0,1,0,1,2.08,7434720.0
2002.0,Subedarganj,3,2.0,10,1.0,0,0,0,3.24,10460153.0
1801.0,Teliyarganj,3,2.0,10,1.0,0,0,0,4.62,9406405.0
1459.0,Sulem Sarai,3,2.0,28,0.0,1,0,0,7.21,7985232.0
1605.0,George Town,2,1.0,19,0.0,1,0,0,1.46,17351222.0
759.0,Alopibagh,3,1.0,20,1.0,0,0,0,2.94,3009455.0
816.0,Katra,2,2.0,3,1.0,1,0,1,1.37,6175728.0
2467.0,Dhoomanganj,5,3.0,10,1.0,1,0,1,2.93,12494240.0
1007.0,Sulem Sarai,2,2.0,4,0.0,0,0,1,6.98,7194386.0
1976.0,Daraganj,4,3.0,8,0.0,1,0,1,4.62,9586292.0
2490.0,Allahpur,6,4.0,17,1.0,1,1,1,2.72,14561646.0
1709.0,Civil Lines,3,2.0,15,0.0,0,0,0,0.88,17532940.0
1260.0,Jhunsi,3,3.0,19,0.0,0,0,0,7.97,3894971.0
1757.0,Naini,3,2.0,8,0.0,0,0,1,6.07,8415338.0
1589.0,Naini,2,2.0,6,1.0,0,1,1,6.5,8541345.0
2506.0,Muthiganj,6,4.0,8,0.0,0,0,1,1.33,12970738.0
1109.0,Katra,4,2.0,12,0.0,0,0,0,1.08,7171839.0
2176.0,Mumfordganj,4,3.0,22,0.0,0,1,0,2.05,10864829.0
1230.0,Lukerganj,2,2.0,6,0.0,0,1,1,1.81,9885538.0
1518.0,Muthiganj,3,2.0,14,0.0,1,0,1,1.99,6533275.0
1372.0,Lukerganj,4,3.0,13,0.0,0,1,0,1.36,10516669.0
1033.0,Allahpur,2,2.0,14,1.0,0,0,0,3.25,6455610.0
2136.0,George Town,3,2.0,11,1.0,0,1,1,1.1,23041359.0
1576.0,Lukerganj,3,2.0,4,1.0,0,1,1,2.16,14529904.0
516.0,Mumfordganj,1,2.0,5,1.0,1,1,0,1.87,3876321.0
1245.5,Naini,6,2.0,13,1.0,0,0,0,5.83,14171982.0
1170.0,Lukerganj,3,2.0,16,1.0,1,0,1,1.32,10163510.0
1367.0,George Town,2,1.0,24,0.0,0,0,1,1.3,12497904.0
1184.0,Jhalwa,3,2.0,11,1.0,1,0,0,8.74,5282967.0
3345.0,George Town,6,4.0,8,1.0,1,1,0,1.42,28193786.25
1350.0,Kydganj,3,2.0,15,1.0,0,0,0,2.31,6216986.0
1524.0,Allahpur,3,2.0,7,1.0,0,0,0,3.01,9474785.0
1100.0,Subedarganj,2,1.0,12,1.0,0,0,1,2.99,4973710.0
2133.0,Jhalwa,5,4.0,3,1.0,0,0,1,8.16,11270286.0
733.0,Bamrauli,2,2.0,9,0.0,0,0,0,6.37,2618945.0
1146.0,Kydganj,4,3.0,11,1.0,0,0,1,1.77,5241172.0
786.0,Tagore Town,1,1.0,14,0.0,0,1,1,2.4,6533284.0
1090.0,Alopibagh,2,2.0,15,1.0,1,0,1,3.16,4779007.0
1646.0,Lukerganj,3,1.0,17,1.0,1,1,1,2.09,12045055.0
1680.0,Bamrauli,4,2.0,3,1.0,0,1,0,6.48,8609009.0
3774.75,Stanley Road,3,2.0,19,0.0,1,0,1,1.67,14759334.0
1554.0,Muthiganj,4,2.0,4,0.0,1,0,0,2.0,6531574.0
1086.0,Sulem Sarai,3,2.0,3,0.0,0,0,1,7.13,8267394.0
1572.0,Chowk,3,2.0,32,1.0,1,0,0,1.17,6591127.0
1234.0,Alopibagh,2,1.0,12,1.0,1,0,1,3.4,5694215.0
1232.0,Sulem Sarai,3,3.0,17,0.0,0,0,0,6.85,8019768.0
1667.0,Subedarganj,4,3.0,7,1.0,0,0,0,3.29,7636688.0
2135.0,George Town,4,3.0,38,0.0,1,1,0,1.43,19940297.0
1171.0,Katra,2,2.0,9,1.0,0,0,1,1.17,7967822.0
2368.0,George Town,5,3.0,2,1.0,1,1,1,1.28,28193786.25
1001.0,Jhalwa,2,2.0,8,0.0,0,0,1,8.46,4076373.0
1008.0,Teliyarganj,2,1.0,14,0.0,1,1,1,4.4,5585595.0
1223.0,Colonelganj,2,2.0,16,0.0,1,0,1,0.77,7187955.0
1492.0,Daraganj,4,3.0,22,0.0,1,0,1,4.31,7331370.0
1441.0,Alopibagh,3,2.0,8,1.0,0,0,0,2.54,6108018.0
1169.0,Tagore Town,3,2.0,11,1.0,0,0,0,2.28,9404288.0
2121.0,Subedarganj,3,2.0,7,1.0,1,1,1,4.07,9926430.0
1129.0,Jhalwa,2,2.0,11,1.0,0,0,0,8.74,4328245.0
1169.0,Dhoomanganj,2,1.0,20,1.0,0,0,0,2.85,5141672.0
1252.0,Sulem Sarai,2,1.0,4,0.0,1,0,0,6.63,10179384.0
1030.0,Chowk,2,2.0,34,1.0,1,1,0,2.13,5516381.0
956.0,Bamrauli,1,1.0,7,0.0,0,0,1,7.21,3367156.0
806.0,Bamrauli,1,1.0,8,1.0,0,0,0,7.5,3505736.0
1001.0,Tagore Town,2,1.0,46,1.0,0,1,1,2.44,6595223.0
917.0,Jhalwa,1,2.0,8,1.0,0,1,1,8.69,3961241.0
2086.0,Alopibagh,3,3.0,7,0.0,0,0,1,3.21,10255032.0
1195.0,Muthiganj,2,2.0,3,1.0,0,0,0,2.36,5427547.0
536.0,Katra,2,1.0,22,0.0,1,0,0,1.22,3494940.0
1245.5,Ashok Nagar,2,2.0,30,1.0,0,0,1,2.2,8596862.0
2526.0,Jhalwa,5,3.0,4,1.0,1,0,0,8.67,12898585.0
1238.0,Jhalwa,3,2.0,5,0.0,0,0,0,8.99,4731978.0
978.0,George Town,2,1.0,11,1.0,1,1,0,0.97,12308518.0
756.0,Jhalwa,2,1.0,21,0.0,0,0,1,8.33,2553433.0
1358.0,Jhunsi,2,2.0,7,1.0,0,0,0,9.3,4596680.0
2825.0,Katra,1,1.0,15,0.0,1,0,1,1.59,14170448.0
1737.0,Muthiganj,4,2.0,25,1.0,1,0,0,1.52,6903316.0
1109.0,Allahpur,2,1.0,17,0.0,0,0,0,3.15,5411283.0
1405.0,Daraganj,3,2.0,8,1.0,1,0,1,4.2,7398006.0
1792.0,Dhoomanganj,3,2.0,16,0.0,0,0,1,2.63,7797660.0
1396.0,Katra,3,2.0,7,1.0,0,0,0,1.19,8893235.0
1863.0,Sulem Sarai,4,4.0,39,0.0,0,0,1,6.7,9778423.0
1246.0,Jhunsi,4,3.0,29,1.0,0,0,0,8.8,4223700.0
1357.0,Colonelganj,3,2.0,4,1.0,0,1,1,1.3,10393219.0
1078.0,Bamrauli,2,2.0,18,1.0,0,0,0,6.85,4259716.0
1360.0,Sulem Sarai,2,1.0,3,1.0,0,0,1,6.76,9800321.0
808.0,Teliyarganj,2,1.0,14,1.0,0,0,1,3.98,4504453.0
3374.0,Jhalwa,6,4.0,11,0.0,0,0,1,8.62,14545663.0
1651.0,Jhunsi,3,3.0,22,0.0,0,0,0,9.69,4880805.0
880.0,Jhunsi,2,2.0,22,1.0,0,0,0,8.31,3020127.0
1869.0,Jhalwa,4,3.0,13,1.0,1,0,0,9.27,8479419.0
871.0,Phaphamau,1,1.0,7,0.0,0,0,1,9.92,5118023.0
600.0,Subedarganj,1,1.0,18,0.0,1,1,1,2.36,2918314.0
1932.0,Lukerganj,5,3.0,1,1.0,0,0,1,0.96,18726072.0
859.0,Civil Lines,1,1.0,33,0.0,1,1,0,0.38,7773515.0
2067.0,Katra,4,4.0,9,0.0,0,1,0,1.25,12821141.0
743.0,Bamrauli,2,1.0,18,1.0,1,0,0,7.29,2817748.0
1218.0,Jhalwa,3,3.0,9,0.0,0,0,1,9.03,5488101.0
413.0,George Town,1,1.0,4,0.0,1,0,0,0.94,4755475.0
1786.0,Colonelganj,4,2.0,8,0.0,0,0,1,1.4,11947457.0
1156.0,Allahpur,2,2.0,10,0.0,0,0,0,2.77,6861615.0
1183.0,Naini,1,1.0,6,1.0,0,0,1,6.79,6392515.0
941.0,Lukerganj,3,1.0,15,0.0,0,0,1,1.66,7402203.0
901.0,Lukerganj,2,2.0,16,1.0,0,0,1,2.3,7708047.0
1123.0,Ashok Nagar,3,2.0,19,0.0,1,1,1,2.21,7947298.0
1692.0,Teliyarganj,5,3.0,9,0.0,1,0,1,3.88,10099700.0
1027.0,Katra,3,2.0,9,1.0,1,0,0,1.6,6781540.0
523.0,Naini,2,1.0,19,1.0,0,0,1,6.57,2541110.0
1020.0,George Town,2,1.0,25,1.0,0,0,0,0.66,9846203.0
1615.0,Sulem Sarai,4,3.0,12,0.0,1,0,1,6.46,11641188.0
660.0,Ashok Nagar,3,1.0,9,1.0,0,1,1,1.65,4598115.0
1506.0,Lukerganj,4,2.0,6,0.0,0,1,1,1.92,12116469.0
788.0,Alopibagh,1,1.0,6,1.0,0,1,1,3.22,3649962.0
1525.0,Allahpur,4,2.0,7,1.0,0,1,1,2.97,11814633.0
709.0,Colonelganj,1,1.0,21,1.0,1,1,1,0.59,5181334.0
1499.0,Jhunsi,3,3.0,6,1.0,0,0,0,8.72,6584195.0
778.0,Ashok Nagar,2,2.0,8,1.0,0,0,0,2.28,5457604.0
3758.0,Ashok Nagar,6,4.0,18,0.0,0,1,0,2.01,25440710.0
1048.0,Mumfordganj,1,1.0,14,0.0,1,0,1,1.33,5724626.0
1821.0,Bamrauli,3,2.0,4,0.0,0,1,1,6.53,8022519.0
620.0,Alopibagh,2,1.0,8,0.0,0,0,1,2.96,2411971.0
1510.0,Daraganj,4,2.0,5,1.0,0,0,1,4.89,8827757.0
1111.0,George Town,2,1.0,10,0.0,0,0,0,0.76,11052784.0
1700.0,Colonelganj,5,4.0,17,1.0,1,0,1,0.93,10911008.0
807.0,George Town,3,2.0,9,0.0,0,1,0,1.67,10099016.0
1416.0,Naini,4,4.0,11,1.0,0,1,1,6.0,7625521.0
840.0,Jhalwa,1,1.0,4,1.0,1,0,1,9.16,4150871.0
2980.0,Bamrauli,6,4.0,3,0.0,0,0,1,6.32,14183383.0
1935.0,Subedarganj,3,3.0,32,1.0,0,1,1,3.03,7371199.0
1987.0,Civil Lines,4,2.0,16,1.0,1,1,0,0.78,21300198.0
1245.5,Sulem Sarai,4,2.0,3,1.0,1,0,0,6.02,10441080.0
1405.0,Bamrauli,4,3.0,33,1.0,1,0,0,6.77,4365644.0
997.0,Allahpur,2,2.0,15,0.0,0,0,1,3.2,6069660.0
414.0,George Town,1,1.0,5,0.0,0,1,0,0.78,5316321.0
550.0,Bamrauli,1,1.0,10,0.0,0,1,1,7.14,2001582.0
2150.0,Muthiganj,4,4.0,12,1.0,1,0,1,1.49,9332469.0
1806.0,Colonelganj,4,3.0,17,0.0,0,0,0,0.78,10921510.0
808.0,Ashok Nagar,2,1.0,32,1.0,0,0,0,1.75,5003482.0
1862.0,Teliyarganj,3,1.0,38,0.0,0,0,1,3.91,7312428.0
458.0,George Town,2,3.0,20,0.0,0,1,0,1.5,4820090.0
1233.0,Subedarganj,2,3.0,18,1.0,1,0,1,2.77,5741679.0
824.0,Subedarganj,1,1.0,5,1.0,0,0,1,3.44,4012124.0
1540.0,Teliyarganj,3,2.0,8,0.0,0,0,1,4.74,8823322.0
818.0,Naini,2,1.0,24,0.0,1,0,1,6.75,3379348.0
2363.0,Civil Lines,5,4.0,19,1.0,1,0,1,0.22,28193786.25
1926.0,Civil Lines,4,3.0,4,0.0,1,0,1,0.7,21992365.0
1880.0,Tagore Town,3,3.0,15,0.0,1,0,0,2.48,15882924.0
880.0,Dhoomanganj,1,1.0,22,0.0,1,0,0,3.35,3761569.0
1412.0,Sulem Sarai,3,2.0,1,0.0,1,0,1,5.93,10821241.0
2379.0,Naini,4,3.0,20,1.0,1,0,1,6.45,10721007.0
1323.0,Civil Lines,2,1.0,9,1.0,0,0,0,0.37,12964849.0
1327.0,Stanley Road,2,2.0,2,0.0,0,0,0,0.84,14797809.0
1093.0,Alopibagh,2,1.0,11,1.0,0,0,0,2.53,4283667.0
877.0,Teliyarganj,1,1.0,17,1.0,1,0,0,4.73,6016434.0
916.0,Teliyarganj,2,1.0,12,0.0,0,0,0,4.15,4899144.0
921.0,Civil Lines,3,2.0,5,0.0,0,1,0,0.61,11222400.0
1365.0,Subedarganj,4,2.0,9,0.0,1,0,0,3.72,6736359.0
1050.0,George Town,2,2.0,36,1.0,0,1,1,1.33,10441592.0
1544.0,Daraganj,3,3.0,10,1.0,1,0,1,4.62,8295398.0
1898.0,Teliyarganj,4,3.0,8,1.0,0,0,0,4.05,11114973.0
1526.0,Alopibagh,3,1.0,6,0.0,1,0,1,3.12,6388423.0
1245.5,Jhunsi,1,2.0,19,1.0,0,0,0,9.26,1979539.0
976.0,Allahpur,2,1.0,11,0.0,0,0,1,1.84,5178588.0
1264.0,Naini,2,1.0,19,1.0,0,0,1,6.05,5364791.0
940.0,Tagore Town,3,2.0,10,0.0,0,1,0,2.46,7816549.0
1562.0,Katra,4,3.0,10,1.0,0,0,0,1.49,10335340.0
1941.0,Subedarganj,4,3.0,11,0.0,0,0,0,3.23,7951055.0
2118.0,Lukerganj,4,3.0,20,0.0,1,1,1,2.31,16357463.0
3774.75,Civil Lines,2,1.0,2,1.0,1,1,0,0.79,12478446.0
473.0,Chowk,2,2.0,21,0.0,0,0,0,1.64,2012759.0
1337.0,Phaphamau,4,2.0,2,1.0,0,0,1,10.38,10583483.0
1454.0,Dhoomanganj,3,3.0,30,1.0,0,0,1,2.74,6595941.0
737.0,Naini,1,2.0,9,1.0,0,0,1,6.56,4418663.0
1267.0,Jhunsi,3,2.0,12,1.0,1,1,1,8.5,4770647.0
919.0,Jhalwa,2,1.0,12,0.0,1,1,0,8.45,3730594.0
1331.0,Lukerganj,2,1.0,20,1.0,1,0,0,2.26,9079951.0
531.0,Ashok Nagar,1,1.0,20,1.0,0,0,1,2.27,3674005.0
2613.0,George Town,5,4.0,11,0.0,0,1,0,1.41,28193786.25
369.0,Chowk,1,1.0,4,0.0,0,1,1,1.82,2136841.0
1115.0,Lukerganj,2,1.0,9,1.0,1,0,1,2.02,8619447.0
1529.0,Tagore Town,4,3.0,4,1.0,1,0,0,2.65,15929305.0
927.0,Mumfordganj,2,2.0,34,1.0,1,0,0,2.68,4690704.0
1415.0,Ashok Nagar,3,2.0,24,0.0,0,0,0,2.62,8246434.0
1814.0,Dhoomanganj,3,2.0,35,1.0,0,0,1,2.58,7933775.0
1745.0,Phaphamau,3,4.0,6,1.0,0,0,0,10.02,10692463.0
926.0,Ashok Nagar,1,1.0,8,1.0,0,1,1,2.24,6859619.0
1666.0,Jhalwa,3,2.0,12,0.0,0,0,1,9.32,7172853.0
976.0,Dhoomanganj,2,1.0,19,1.0,1,0,0,3.25,4456977.0
1402.0,Dhoomanganj,3,2.0,10,1.0,0,0,1,3.34,6864465.0
1130.0,Teliyarganj,2,1.0,52,1.0,0,0,0,4.87,5060200.0
672.0,George Town,1,2.0,13,1.0,0,1,1,0.98,7654902.0
2446.0,Stanley Road,4,2.0,14,1.0,0,0,1,1.0,22891679.0
2250.0,Dhoomanganj,5,4.0,6,1.0,0,0,0,2.73,13366112.0
368.0,Ashok Nagar,1,1.0,12,1.0,0,0,0,2.18,2609439.0
1201.0,George Town,3,2.0,5,0.0,1,0,1,1.28,15470200.0
2099.0,Allahpur,6,4.0,10,0.0,0,0,1,3.93,12974211.0
1149.0,George Town,1,1.0,14,0.0,1,0,1,1.69,12354640.0
987.0,Mumfordganj,1,1.0,1,0.0,1,0,1,1.89,7439151.0
1015.0,Colonelganj,2,1.0,6,1.0,0,0,0,0.94,6767496.0
1519.0,Tagore Town,4,2.0,7,0.0,0,0,1,2.54,12786931.0
1675.0,Bamrauli,3,3.0,23,1.0,1,0,0,6.73,6448762.0
1318.0,Mumfordganj,3,2.0,12,1.0,1,0,1,1.95,8853932.0
1576.0,Tagore Town,2,2.0,23,0.0,1,0,0,2.31,11866725.0
786.0,Sulem Sarai,2,1.0,4,0.0,1,0,1,6.39,5971518.0
1542.0,Teliyarganj,4,2.0,12,1.0,0,0,1,4.22,11072000.0
2947.0,Naini,6,4.0,8,1.0,0,0,0,6.01,17045487.0
910.0,Jhalwa,1,1.0,45,0.0,1,1,1,9.14,2903820.0
3417.0,Civil Lines,6,4.0,8,1.0,0,1,0,0.6,28193786.25
1936.0,Mumfordganj,3,1.0,11,0.0,0,0,1,2.36,11323198.0
976.0,Ashok Nagar,2,2.0,2,0.0,0,1,0,2.52,6825782.0
635.0,Jhalwa,1,1.0,10,1.0,1,0,1,8.62,2548010.0
1472.0,Jhalwa,3,2.0,10,1.0,1,0,0,8.83,6046902.0
548.0,Dhoomanganj,1,1.0,4,0.0,0,0,1,3.35,2592568.0
1378.0,Teliyarganj,3,2.0,10,0.0,0,0,0,4.16,7508726.0
1292.0,Mumfordganj,3,2.0,24,0.0,0,0,0,2.14,6720754.0
1446.0,Phaphamau,4,4.0,24,1.0,0,1,0,9.4,9000522.0
1883.0,Alopibagh,3,3.0,2,1.0,0,0,1,2.5,9499629.0
755.0,Alopibagh,1,1.0,9,1.0,0,0,0,2.53,3333414.0
706.0,Daraganj,2,2.0,6,1.0,1,0,0,4.6,4058669.0
801.0,George Town,1,1.0,28,1.0,1,0,1,1.51,8492148.0
1257.0,George Town,2,2.0,6,1.0,0,1,0,1.26,16089203.0
1033.0,George Town,2,1.0,12,1.0,0,0,1,1.09,10610931.0
1649.0,Naini,4,3.0,4,1.0,1,1,0,6.01,10279138.0
1588.0,Colonelganj,3,2.0,16,1.0,0,0,1,1.23,8506497.0
1001.0,Mumfordganj,4,3.0,3,0.0,0,1,0,2.12,7441015.0
1552.0,Lukerganj,2,2.0,6,0.0,0,1,1,1.51,11103062.0
1639.0,George Town,4,3.0,17,1.0,0,1,0,0.97,19039050.0
1400.0,Subedarganj,3,3.0,15,0.0,1,0,1,3.45,7099866.0
1070.0,Subedarganj,2,1.0,5,1.0,0,0,1,3.14,5315241.0
834.0,Bamrauli,1,1.0,9,1.0,1,0,0,7.0,3247804.0
1223.0,Dhoomanganj,3,2.0,12,1.0,0,0,1,2.99,6933245.0
1467.0,Colonelganj,3,2.0,11,0.0,0,0,1,0.61,10204050.0
2370.0,Teliyarganj,4,3.0,25,0.0,1,0,1,3.82,13770800.0
1021.0,Tagore Town,2,1.0,6,0.0,1,0,1,2.32,8495672.0
1139.0,Phaphamau,3,2.0,29,0.0,1,0,1,9.57,5753384.0
812.0,Ashok Nagar,2,2.0,4,0.0,0,0,1,2.08,6039317.0
2196.0,Civil Lines,4,4.0,21,1.0,1,0,1,0.24,22372567.0
1402.0,Ashok Nagar,3,3.0,18,0.0,0,1,0,2.17,9209381.0
1459.0,Colonelganj,3,2.0,43,1.0,1,1,0,1.9,8376121.0
1790.0,Bamrauli,4,4.0,10,1.0,0,0,1,6.8,6909993.0
1806.0,Naini,5,4.0,7,0.0,0,1,0,6.58,9697985.0
1245.5,Kydganj,1,2.0,10,1.0,1,1,0,1.38,5310245.0
703.0,George Town,1,1.0,11,0.0,0,0,1,0.66,7723954.0
1029.0,Jhalwa,2,2.0,4,1.0,0,0,0,9.45,5130814.0
516.0,Tagore Town,1,1.0,10,1.0,0,0,1,2.26,4347153.0
1557.0,Jhunsi,3,2.0,2,1.0,0,0,0,8.95,5738164.0
799.0,Mumfordganj,1,1.0,6,1.0,1,0,0,2.36,5650594.0
1693.0,Teliyarganj,3,2.0,35,1.0,0,0,1,4.05,8188779.0
1378.0,Phaphamau,3,3.0,9,1.0,0,0,0,9.5,8131465.0
1802.0,Muthiganj,3,2.0,5,1.0,0,0,1,2.56,7764010.0
2381.0,Colonelganj,5,3.0,2,1.0,0,0,1,1.03,17825037.0
928.0,George Town,3,2.0,41,1.0,1,1,0,1.48,9418564.0
1110.0,Jhalwa,2,2.0,24,1.0,0,0,0,9.0,4276221.0
2095.0,Chowk,4,3.0,8,0.0,1,0,1,1.55,11586606.0
1075.0,Mumfordganj,2,2.0,12,0.0,0,0,1,1.97,6412141.0
1274.0,Colonelganj,3,2.0,7,1.0,0,0,1,1.43,8539476.0
1639.0,Subedarganj,3,3.0,31,1.0,0,0,1,3.73,6819667.0
614.0,Chowk,1,1.0,8,1.0,0,0,1,2.26,3530936.0
1666.0,Dhoomanganj,4,3.0,20,1.0,0,0,0,3.42,7784986.0
1416.0,Jhalwa,3,1.0,3,1.0,0,0,1,9.08,6990902.0
1566.0,Jhunsi,3,3.0,6,1.0,1,0,1,9.11,6923651.0
1716.0,Teliyarganj,5,4.0,10,0.0,0,0,1,4.11,9445190.0
781.0,Mumfordganj,2,1.0,12,1.0,1,0,1,1.62,5693364.0
2278.0,Daraganj,4,3.0,44,0.0,0,0,1,4.22,8508381.0
1328.0,Civil Lines,3,2.0,9,0.0,0,0,1,0.32,12983066.0
2071.0,Jhunsi,4,3.0,5,1.0,1,0,1,9.33,10337270.0
2740.0,Chowk,6,4.0,6,1.0,1,0,1,1.78,15720663.0
1282.0,Jhunsi,3,2.0,16,1.0,0,0,1,8.69,4526377.0
1102.0,Jhalwa,2,1.0,14,1.0,0,0,0,8.08,4343785.0
600.0,Mumfordganj,1,1.0,13,0.0,0,1,1,1.96,3562424.0
1958.0,Jhalwa,4,4.0,16,0.0,0,0,0,8.2,8220732.0
579.0,Civil Lines,2,2.0,20,1.0,1,0,0,0.65,6268554.0
1456.0,Naini,3,3.0,29,0.0,0,0,0,6.07,6070874.0
1729.0,Lukerganj,4,3.0,11,1.0,0,0,1,1.6,12561416.0
1475.0,Lukerganj,2,2.0,27,1.0,1,0,1,2.11,12211408.0
1177.0,Naini,2,1.0,6,0.0,0,1,0,6.55,6048317.0
1790.0,Jhunsi,3,2.0,18,1.0,0,0,0,8.54,6613238.0
1046.0,Lukerganj,2,1.0,30,1.0,1,1,0,1.88,7733709.0
1764.0,Teliyarganj,3,2.0,8,1.0,0,0,1,4.21,10347504.0
2007.0,Dhoomanganj,5,3.0,5,1.0,0,0,0,3.2,12235037.0
1383.0,Naini,2,1.0,4,1.0,1,0,1,6.17,7527763.0
1303.0,Jhalwa,3,1.0,10,0.0,0,1,1,8.25,5196956.0
1198.0,Allahpur,3,2.0,6,1.0,0,0,1,2.75,7978976.0
763.0,Alopibagh,1,1.0,6,1.0,0,0,0,3.55,3792208.0
1038.0,Dhoomanganj,2,2.0,10,0.0,1,0,1,2.92,5323672.0
1877.0,Ashok Nagar,4,3.0,13,1.0,0,0,1,1.3,12537422.0
839.0,George Town,1,1.0,6,1.0,0,1,1,1.82,9904627.0
872.0,Jhunsi,3,2.0,29,1.0,0,0,0,9.1,3240892.0
1835.0,Chowk,4,2.0,2,0.0,0,1,1,1.47,11062910.0
1529.0,Jhunsi,3,2.0,23,0.0,0,0,0,8.34,5035219.0
2484.0,Naini,5,3.0,9,1.0,0,0,1,5.88,12545088.0
1373.0,Jhunsi,5,3.0,19,0.0,0,1,0,8.77,4665063.0
2045.0,Naini,4,2.0,5,0.0,0,0,1,6.65,11898713.0
1354.0,George Town,3,2.0,14,0.0,1,0,0,1.1,14385419.0
925.0,Naini,1,1.0,11,0.0,1,1,0,6.12,4737649.0
1664.0,Jhalwa,2,1.0,9,0.0,1,0,0,8.67,6598321.0
1756.0,George Town,3,2.0,7,0.0,0,1,1,1.04,17242335.0
769.0,Jhalwa,1,1.0,15,1.0,0,0,1,8.65,3034759.0
1016.0,Katra,2,1.0,22,1.0,0,0,1,1.5,6417370.0
796.0,Civil Lines,2,1.0,39,0.0,1,0,1,0.13,7439964.0
2069.0,Stanley Road,4,3.0,4,1.0,0,0,1,1.28,21912468.0
1245.5,George Town,1,2.0,7,1.0,0,1,0,1.48,10401392.0
1108.0,Chowk,2,2.0,38,1.0,1,0,1,1.07,4916316.0
1759.0,Daraganj,2,2.0,19,0.0,1,0,1,4.26,7884331.0
1982.0,Tagore Town,4,3.0,18,1.0,0,0,1,2.09,16353843.0
1940.0,Colonelganj,4,3.0,13,1.0,0,1,1,1.45,12195641.0
1577.0,Kydganj,3,2.0,15,0.0,0,0,1,2.01,7285992.0
1466.0,Naini,2,2.0,29,0.0,0,0,1,6.51,5845833.0
1159.0,Sulem Sarai,2,1.0,36,1.0,0,0,0,7.08,5486686.0
2645.0,Jhalwa,5,3.0,10,0.0,0,1,1,8.35,11223758.0
1201.0,Subedarganj,2,1.0,17,0.0,0,0,1,3.1,5678460.0
1229.0,Subedarganj,2,1.0,7,1.0,0,0,1,2.16,6434396.0
1423.0,George Town,4,3.0,9,1.0,1,1,1,0.76,19247534.0
1501.0,Civil Lines,3,1.0,12,0.0,0,0,1,0.16,17177271.0
1277.0,Ashok Nagar,3,1.0,16,0.0,0,0,1,1.98,8683203.0
759.0,Jhunsi,3,2.0,7,1.0,1,0,1,9.07,3175621.0
1208.0,Civil Lines,1,1.0,20,1.0,0,1,0,0.74,11221374.0
1362.0,Alopibagh,3,2.0,9,1.0,0,0,1,2.78,4974498.0
846.0,Teliyarganj,2,1.0,10,0.0,1,0,1,4.06,4669025.0
1135.0,Sulem Sarai,3,3.0,9,0.0,0,0,0,6.51,7920992.0
2104.0,Jhunsi,4,2.0,7,1.0,0,0,1,9.01,8261777.0
918.0,Ashok Nagar,2,2.0,6,1.0,0,0,0,2.25,7137382.0
1778.0,George Town,5,3.0,20,0.0,1,0,1,1.04,19563185.0
1766.0,Alopibagh,3,1.0,12,0.0,0,0,1,2.84,6438434.0
1921.0,Phaphamau,4,3.0,10,1.0,1,0,1,9.4,12535559.0
1122.0,Teliyarganj,3,2.0,15,1.0,1,1,1,3.92,7687902.0
2284.0,Civil Lines,5,4.0,25,1.0,0,1,0,0.23,21172619.0
1608.0,Chowk,3,2.0,2,1.0,1,0,0,1.67,9975059.0
1347.0,Lukerganj,3,3.0,14,0.0,1,1,0,2.75,11040747.0
1336.0,Bamrauli,3,2.0,49,0.0,0,0,1,6.98,4156079.0
1390.0,Naini,3,2.0,9,1.0,0,0,0,6.04,6972032.0
1336.0,George Town,3,3.0,10,1.0,1,0,1,1.54,17673687.0
1554.0,Bamrauli,3,2.0,6,1.0,0,0,1,6.49,6811656.0
1300.0,Ashok Nagar,3,2.0,12,0.0,0,0,1,2.42,7644174.0
852.0,Jhunsi,2,2.0,8,1.0,0,0,0,9.76,2979993.0
2113.0,Naini,5,4.0,15,0.0,0,0,0,6.58,10020521.0
1185.0,Jhalwa,2,1.0,8,1.0,0,0,0,8.85,4321573.0
521.0,Jhalwa,1,1.0,9,0.0,0,0,1,9.4,1738983.0
2043.0,Lukerganj,4,4.0,7,1.0,1,0,1,1.7,16530719.0
1496.0,Jhalwa,2,1.0,18,0.0,1,0,1,8.3,5873583.0
1924.0,George Town,4,3.0,10,1.0,1,0,0,1.34,21901195.0
959.0,Sulem Sarai,3,2.0,11,1.0,1,0,1,6.84,7152965.0
1494.0,Colonelganj,3,3.0,14,0.0,0,0,0,0.62,8617074.0
1384.0,Bamrauli,2,1.0,15,1.0,1,0,1,7.33,5673450.0
1424.0,Jhalwa,3,2.0,8,0.0,1,0,1,8.67,5934044.0
1051.0,George Town,2,2.0,5,0.0,1,0,1,1.8,14422380.0
2965.0,Bamrauli,6,4.0,12,1.0,0,0,1,7.1,12228117.0
1068.0,Daraganj,2,2.0,27,0.0,0,0,0,4.44,4393332.0
1389.0,Civil Lines,2,2.0,12,1.0,0,0,0,0.37,14459202.0
917.0,Lukerganj,2,2.0,13,1.0,0,0,1,2.05,8301955.0
3130.0,Tagore Town,6,4.0,32,1.0,0,1,0,1.84,23197844.0
929.0,Tagore Town,2,1.0,3,1.0,0,1,0,2.31,9671037.0
3774.75,Jhalwa,3,2.0,31,1.0,1,0,1,9.06,24866568.0
932.0,Daraganj,3,1.0,10,0.0,0,1,0,3.75,4872597.0
1088.0,Stanley Road,3,2.0,13,0.0,1,1,1,1.13,9557847.0
1768.0,Naini,4,3.0,9,0.0,0,0,1,5.67,8835049.0
804.0,Phaphamau,1,1.0,57,0.0,0,1,1,9.49,3208029.0
3251.0,Kydganj,6,4.0,3,0.0,0,0,1,1.67,18648142.0
1134.0,Mumfordganj,3,3.0,4,1.0,0,0,0,1.42,6805518.0
688.0,Civil Lines,1,1.0,7,1.0,1,0,1,0.43,7436554.0
819.0,Sulem Sarai,2,2.0,5,0.0,0,0,0,6.35,5351752.0
1230.0,Civil Lines,3,1.0,10,1.0,0,1,1,0.39,13338718.0
944.0,Ashok Nagar,2,1.0,1,1.0,0,0,1,2.38,7653035.0
583.0,Teliyarganj,2,2.0,8,1.0,0,0,0,4.13,4144810.0
1614.0,Kydganj,2,1.0,8,1.0,0,0,1,1.56,7963184.0
1191.0,Teliyarganj,2,2.0,14,1.0,0,1,0,4.1,6844138.0
1206.0,Jhalwa,2,2.0,9,1.0,0,0,1,9.16,5622517.0
1904.0,Sulem Sarai,4,1.0,12,0.0,0,0,1,6.37,11062203.0
1764.0,Phaphamau,4,4.0,22,1.0,1,1,1,9.75,9989164.0
3646.0,Subedarganj,6,4.0,6,1.0,0,0,0,3.15,20063879.0
570.0,Mumfordganj,1,1.0,33,1.0,1,0,0,1.72,3254218.0
1460.0,George Town,4,3.0,26,0.0,1,0,1,1.33,13268689.0
1184.0,Tagore Town,2,1.0,6,0.0,0,1,1,2.34,10106251.0
3128.0,Lukerganj,6,4.0,9,1.0,0,1,0,2.53,28193786.25
1653.0,Teliyarganj,4,3.0,14,1.0,0,0,0,4.49,10017262.0
2063.0,Chowk,4,2.0,10,1.0,0,0,0,1.73,11650795.0
1805.0,Tagore Town,3,2.0,4,1.0,0,0,0,2.46,18674221.0
2312.0,Jhunsi,4,3.0,3,0.0,0,0,0,9.32,9133578.0
2051.0,Muthiganj,6,4.0,12,1.0,1,0,1,2.05,8500750.0
1186.0,Muthiganj,2,1.0,18,0.0,0,0,1,2.16,4141774.0
759.0,Naini,3,2.0,2,0.0,0,0,1,6.98,4501984.0
619.0,Ashok Nagar,2,1.0,5,0.0,1,0,0,2.5,4609594.0
1788.0,Alopibagh,4,4.0,9,1.0,0,0,0,2.73,8160888.0
3259.0,Stanley Road,6,4.0,23,0.0,0,1,1,0.76,28193786.25
1462.0,Phaphamau,4,3.0,3,0.0,0,0,0,9.67,7691178.0
1889.0,Ashok Nagar,5,2.0,19,1.0,0,1,0,1.98,12295466.0
1354.0,Civil Lines,3,2.0,8,0.0,0,1,0,0.61,14023912.0
850.0,Dhoomanganj,3,3.0,13,0.0,0,0,1,3.2,4379907.0
733.0,Teliyarganj,2,2.0,37,0.0,0,0,0,4.27,3233637.0
916.0,Katra,1,1.0,26,0.0,1,0,1,1.76,5010699.0
969.0,Jhunsi,2,2.0,17,1.0,1,0,0,8.6,3152252.0
380.0,Lukerganj,1,1.0,4,1.0,1,0,1,1.5,3679316.0
884.0,Civil Lines,2,1.0,24,0.0,0,1,0,0.28,7059955.0
1718.0,Katra,3,3.0,6,1.0,1,1,0,0.76,11698686.0
1075.0,Lukerganj,4,2.0,6,0.0,0,1,1,1.82,9002452.0
1221.0,Mumfordganj,2,3.0,13,1.0,1,0,0,1.97,7910073.0
1999.0,Teliyarganj,4,3.0,17,0.0,0,0,1,4.11,10904607.0
1954.0,Teliyarganj,4,3.0,49,1.0,0,1,1,4.64,8379460.0
836.0,Phaphamau,1,1.0,19,0.0,0,0,0,10.19,4167457.0
879.0,Teliyarganj,2,2.0,25,1.0,0,1,1,4.51,5006433.0
1951.0,Allahpur,4,2.0,3,0.0,0,0,1,3.35,13007953.0
1555.0,Jhunsi,3,2.0,13,1.0,0,0,1,8.81,4973080.0
920.0,Tagore Town,3,2.0,9,1.0,0,1,0,1.26,9100812.0
1549.0,Naini,4,4.0,13,1.0,0,1,0,5.64,8023098.0
1763.0,Mumfordganj,3,2.0,13,1.0,1,0,0,1.05,10525266.0
1374.0,Colonelganj,2,2.0,18,0.0,1,1,0,1.73,7947398.0
855.0,Bamrauli,2,1.0,11,0.0,0,0,0,6.82,3160638.0
1545.0,Chowk,3,3.0,8,1.0,0,0,0,1.35,8080148.0
1913.0,Dhoomanganj,3,3.0,14,1.0,0,1,0,3.56,8664149.0
1151.0,Subedarganj,1,1.0,22,1.0,0,1,0,3.77,4844232.0
1126.0,Stanley Road,3,1.0,17,1.0,0,0,1,0.65,10400582.0
1069.0,Sulem Sarai,2,2.0,2,1.0,1,1,0,6.09,8279470.0
2181.0,Dhoomanganj,5,4.0,3,1.0,1,0,0,3.4,13081069.0
997.0,Sulem Sarai,2,1.0,3,1.0,1,0,1,6.73,7746163.0
904.0,Dhoomanganj,1,1.0,6,1.0,0,1,0,3.13,5261092.0
1281.0,Bamrauli,2,1.0,11,1.0,1,1,0,6.39,5164840.0
1685.0,Phaphamau,3,2.0,25,0.0,0,0,0,10.02,8223157.0
1484.0,Civil Lines,3,3.0,7,0.0,0,1,0,0.23,16623485.0
652.0,Katra,1,1.0,26,1.0,0,0,0,1.46,3246453.0
1032.0,Bamrauli,2,1.0,3,0.0,1,1,0,6.61,5208815.0
1644.0,Daraganj,4,3.0,8,0.0,0,0,1,4.48,10341903.0
1777.0,Civil Lines,4,2.0,6,0.0,0,1,1,0.32,22493034.0
2574.0,Lukerganj,6,4.0,11,1.0,1,1,1,1.63,22621781.0
958.0,Jhunsi,1,1.0,17,1.0,0,0,1,8.76,3151181.0
1468.0,Tagore Town,3,2.0,20,1.0,0,1,1,2.16,14187905.0
1302.0,Naini,1,1.0,5,0.0,0,0,1,6.53,6012612.0
3464.0,Allahpur,6,4.0,6,0.0,0,1,0,3.25,23605619.0
2685.0,Daraganj,6,4.0,34,0.0,1,0,1,4.84,12053120.0
1012.0,Katra,3,1.0,17,1.0,1,0,1,1.34,7231738.0
1135.0,Tagore Town,1,2.0,2,0.0,0,0,1,1.79,10202606.0
1055.0,Jhunsi,2,1.0,2,1.0,0,0,0,8.89,4300231.0
350.0,Ashok Nagar,1,1.0,13,1.0,0,0,0,1.5,2474366.0
1345.0,Naini,2,1.0,2,1.0,0,0,0,6.55,8314852.0
1507.0,Civil Lines,3,2.0,5,1.0,1,0,1,0.54,18313538.0
1500.0,Stanley Road,3,2.0,12,0.0,1,1,1,0.5,14184485.0
693.0,Teliyarganj,1,1.0,12,1.0,0,0,1,4.18,4430147.0
1002.0,Muthiganj,2,2.0,17,0.0,0,0,1,1.7,4010681.0
510.0,Naini,1,1.0,10,1.0,0,1,1,6.01,2635900.0
1008.0,Sulem Sarai,3,2.0,13,1.0,1,1,0,6.63,7823064.0
1133.0,Muthiganj,2,1.0,21,0.0,0,0,1,2.4,4300490.0
750.0,Kydganj,2,1.0,19,1.0,0,0,1,0.97,3209897.0
924.0,Katra,2,2.0,18,0.0,0,0,1,1.51,5660668.0
1494.0,George Town,3,3.0,40,1.0,0,1,0,1.23,12858325.0
1245.5,Ashok Nagar,3,2.0,13,1.0,1,0,0,2.06,9437687.0
808.0,Mumfordganj,2,1.0,7,0.0,0,0,1,2.14,4640071.0
1161.0,Bamrauli,2,2.0,3,1.0,0,0,1,6.48,4701998.0
2421.0,Ashok Nagar,5,4.0,12,1.0,1,0,1,1.97,18380342.0
1288.0,Naini,4,4.0,30,1.0,0,1,1,6.76,6215922.0
1294.0,Dhoomanganj,3,3.0,27,0.0,0,0,1,3.36,5502112.0
1363.0,George Town,2,2.0,12,1.0,1,0,0,1.04,15700528.0
1745.0,Jhunsi,4,3.0,6,1.0,0,0,0,8.83,6532722.0
1121.0,Dhoomanganj,3,2.0,5,0.0,1,0,1,3.27,6039201.0
2236.0,Naini,6,4.0,27,0.0,1,0,0,6.4,10096910.0
1052.0,George Town,4,2.0,4,0.0,1,0,1,1.88,12485572.0
1576.0,Sulem Sarai,4,3.0,20,0.0,0,1,1,6.63,10651223.0
707.0,Subedarganj,3,2.0,26,0.0,0,0,1,3.36,2905736.0
1405.0,Jhunsi,3,1.0,15,1.0,0,0,0,9.09,5463181.0
951.0,Stanley Road,1,1.0,6,1.0,0,1,0,0.92,8998375.0
1719.0,Colonelganj,4,3.0,9,0.0,1,1,1,1.14,12279449.0
978.0,Muthiganj,1,1.0,9,0.0,0,0,0,1.95,3880098.0
2299.0,Bamrauli,5,3.0,28,1.0,0,0,1,6.97,9182679.0
2505.0,Alopibagh,5,4.0,8,0.0,0,0,0,2.74,9877600.0
1335.0,Teliyarganj,4,3.0,17,1.0,0,0,1,3.96,8026890.0
1051.0,Chowk,2,2.0,6,0.0,0,1,0,1.66,5817314.0
758.0,Sulem Sarai,2,2.0,6,1.0,1,0,1,7.04,6828653.0
1021.0,Subedarganj,1,1.0,19,0.0,0,0,0,3.18,3814481.0
901.0,Civil Lines,3,2.0,14,0.0,0,1,0,0.68,9336430.0
899.0,Colonelganj,1,1.0,1,1.0,0,1,0,0.68,6070030.0
1853.0,Ashok Nagar,4,2.0,11,0.0,1,1,1,2.45,12885200.0
1860.0,Jhalwa,4,3.0,9,0.0,0,0,1,9.18,8011550.0
1568.0,Katra,3,2.0,12,1.0,1,1,1,0.99,9370598.0
1744.0,Naini,4,4.0,18,1.0,1,1,1,6.06,8010779.0
1815.0,Chowk,4,3.0,23,0.0,1,0,1,1.38,9700374.0
1571.0,Mumfordganj,4,2.0,4,1.0,0,0,0,2.21,11186561.0
1674.0,Katra,4,3.0,17,0.0,1,1,0,1.71,9150622.0
1970.0,Naini,5,4.0,3,1.0,0,0,0,6.24,11218537.0
1301.0,Teliyarganj,3,3.0,29,0.0,0,1,1,4.13,7071769.0
1680.0,Alopibagh,3,2.0,24,0.0,1,1,1,2.63,7482190.0
844.0,Mumfordganj,1,1.0,10,1.0,1,0,0,2.05,5963696.0
1245.5,Colonelganj,5,2.0,10,1.0,0,0,0,0.79,15273043.0
517.0,Mumfordganj,1,1.0,14,1.0,1,1,1,2.03,3726105.0
1137.0,Jhalwa,3,2.0,8,0.0,1,0,1,8.68,4917086.0
875.0,Teliyarganj,3,2.0,8,0.0,0,0,1,4.51,5622461.0
658.0,Colonelganj,1,1.0,11,0.0,1,1,0,0.84,3774723.0
2514.0,Mumfordganj,6,4.0,7,0.0,0,0,0,1.9,16144843.0
937.0,George Town,2,1.0,14,0.0,0,0,0,1.16,9310368.0
643.0,Muthiganj,1,1.0,10,1.0,0,0,1,1.99,2369441.0
1007.0,George Town,4,2.0,4,1.0,0,1,0,1.21,15993048.0
2059.0,Tagore Town,4,2.0,7,0.0,0,0,0,1.59,19001912.0
1291.0,Sulem Sarai,3,2.0,4,1.0,1,0,0,7.03,9176261.0
728.0,Daraganj,2,1.0,10,1.0,1,0,0,4.88,4544953.0
2071.0,Mumfordganj,4,3.0,14,1.0,1,0,1,1.71,13969474.0
1143.0,Allahpur,2,1.0,19,1.0,1,0,0,2.55,6240323.0
866.0,Katra,2,2.0,26,1.0,0,0,0,0.81,4728103.0
1478.0,Sulem Sarai,4,4.0,32,1.0,0,0,0,6.97,9179946.0
737.0,Jhalwa,3,1.0,12,0.0,0,0,0,8.72,2547606.0
972.0,Chowk,1,1.0,7,1.0,0,0,0,1.27,5088347.0
1086.0,Tagore Town,1,1.0,17,0.0,0,1,1,2.1,8391746.0
1570.0,Daraganj,4,2.0,12,1.0,0,0,1,4.21,7352659.0
2161.0,Tagore Town,5,4.0,7,0.0,1,1,1,2.75,22767106.0
2850.0,George Town,6,4.0,35,1.0,0,1,0,1.79,27538928.0
850.0,Subedarganj,2,2.0,3,0.0,0,0,0,2.65,4146321.0
1961.0,Katra,4,3.0,7,0.0,1,1,0,1.17,12939148.0
525.0,George Town,1,1.0,41,0.0,1,1,0,1.03,5560464.0
1141.0,Civil Lines,2,1.0,9,0.0,0,0,1,0.81,10021444.0
1245.5,Tagore Town,2,2.0,31,1.0,0,0,0,2.44,6611873.0
2455.0,Jhunsi,6,4.0,15,1.0,0,0,1,8.46,8193851.0
860.0,Katra,2,2.0,21,0.0,0,1,1,1.19,4752571.0
1703.0,Mumfordganj,3,2.0,3,1.0,1,0,0,2.28,12672820.0
1364.0,George Town,4,3.0,16,0.0,1,1,1,1.47,17927933.0
780.0,Alopibagh,2,1.0,13,1.0,0,0,0,2.61,3707974.0
645.0,Phaphamau,1,1.0,10,0.0,0,0,0,10.29,3231154.0
1049.0,Naini,3,2.0,3,0.0,0,0,1,6.63,6383480.0
1453.0,Lukerganj,3,2.0,9,0.0,0,0,0,1.5,10122428.0
1069.0,Lukerganj,2,2.0,16,1.0,0,0,1,1.77,7824049.0
760.0,Kydganj,1,1.0,14,0.0,1,0,0,2.07,3685464.0
1346.0,Phaphamau,3,3.0,1,0.0,0,1,1,9.76,10046149.0
1008.0,Civil Lines,2,2.0,28,0.0,0,0,0,0.48,8139159.0
984.0,Sulem Sarai,1,1.0,26,1.0,0,1,0,7.3,6088444.0
777.0,Tagore Town,2,1.0,25,0.0,0,1,1,3.06,5619461.0
1052.0,Civil Lines,3,2.0,15,0.0,0,1,1,0.17,9039845.0
907.0,Sulem Sarai,2,2.0,24,0.0,1,0,1,6.33,5323762.0
1084.0,George Town,2,1.0,20,0.0,0,0,0,1.51,9787686.0
3174.0,Bamrauli,6,4.0,9,1.0,0,0,1,6.81,12739375.0
1589.0,Tagore Town,4,3.0,9,1.0,0,0,0,2.35,15515800.0
2149.0,Dhoomanganj,5,3.0,15,1.0,1,0,1,4.05,12382155.0
1346.0,Subedarganj,3,3.0,7,1.0,1,1,1,3.17,6703560.0
1830.0,Teliyarganj,4,4.0,36,0.0,0,0,1,4.28,9603466.0
1809.0,Allahpur,3,3.0,25,0.0,1,0,1,2.91,9179152.0
713.0,Teliyarganj,1,1.0,4,0.0,1,0,1,4.08,4482341.0
2499.0,Naini,5,4.0,5,1.0,0,0,0,6.73,14494146.0
850.0,Allahpur,2,2.0,8,1.0,1,0,1,2.96,5790747.0
918.0,Jhalwa,2,1.0,21,1.0,1,0,1,8.5,3743285.0
1355.0,Bamrauli,3,3.0,3,1.0,0,0,1,7.14,6178744.0
817.0,Phaphamau,1,1.0,21,1.0,0,1,1,10.09,4816450.0
1593.0,Jhalwa,4,2.0,9,1.0,0,0,0,8.55,5687392.0
1523.0,Jhalwa,3,1.0,2,1.0,0,0,1,9.15,7267551.0
2833.0,Daraganj,6,4.0,22,0.0,1,1,0,4.12,14176806.0
1156.0,Subedarganj,2,3.0,13,0.0,0,0,0,3.18,5420404.0
860.0,Ashok Nagar,2,2.0,42,0.0,0,0,1,2.49,4325294.0
1457.0,Jhalwa,4,4.0,1,1.0,0,0,1,9.1,6986118.0
1289.0,Allahpur,3,3.0,47,1.0,0,1,1,2.19,6745717.0
810.0,Katra,1,2.0,9,1.0,1,1,1,0.71,5807026.0
1617.0,George Town,3,2.0,14,1.0,0,1,1,1.9,20223044.0
1806.0,Phaphamau,4,3.0,15,0.0,0,0,1,9.94,10315794.0
1819.0,Chowk,4,3.0,5,0.0,0,0,1,0.97,11155197.0
821.0,Phaphamau,2,2.0,12,1.0,1,0,0,8.87,5232170.0
639.0,Bamrauli,1,1.0,19,1.0,0,0,0,7.18,2562001.0
1232.0,Civil Lines,4,3.0,15,0.0,0,0,0,0.89,12047490.0
1222.0,Naini,2,2.0,5,1.0,0,1,0,6.11,8217182.0
1063.0,Mumfordganj,3,2.0,8,1.0,0,0,0,2.11,6972262.0
815.0,Teliyarganj,2,1.0,15,1.0,1,0,1,4.38,4894502.0
2350.0,Ashok Nagar,5,2.0,7,0.0,1,0,0,1.69,16490845.0
1795.0,George Town,4,4.0,26,1.0,0,0,1,1.16,19362790.0
1114.0,Civil Lines,3,2.0,15,1.0,0,1,1,0.51,12860341.0
2209.0,Jhalwa,6,4.0,6,1.0,1,0,1,8.87,11334356.0
1871.0,Civil Lines,4,2.0,17,1.0,0,1,0,0.33,18118686.0
1174.0,Teliyarganj,2,2.0,12,0.0,1,0,1,4.16,6970319.0
1132.0,Mumfordganj,3,1.0,9,0.0,1,0,0,2.41,6413931.0
1108.0,Jhalwa,2,2.0,23,1.0,0,0,0,8.45,4210111.0
1388.0,George Town,3,3.0,11,1.0,1,0,0,0.93,17163904.0
1930.0,Phaphamau,3,1.0,12,1.0,0,0,1,9.03,11651627.0
2063.0,Alopibagh,5,4.0,12,0.0,0,0,0,2.86,8744397.0
921.0,Alopibagh,2,2.0,10,0.0,1,0,0,2.91,4354037.0
1529.0,Mumfordganj,3,2.0,4,0.0,1,0,1,2.51,11323591.0
547.0,Naini,2,1.0,5,0.0,0,0,0,5.38,3048024.0
1251.0,Jhalwa,3,2.0,13,1.0,1,0,1,8.49,5352393.0
535.0,Daraganj,1,1.0,34,1.0,0,0,0,4.73,2363324.0
1758.0,Civil Lines,4,3.0,3,1.0,0,0,1,0.11,23282186.0
2457.0,Tagore Town,4,2.0,15,1.0,0,0,1,2.47,20590034.0
438.0,Teliyarganj,1,1.0,2,0.0,0,0,0,4.42,3167383.0
1198.0,George Town,2,2.0,5,0.0,1,1,0,1.73,13163654.0
1816.0,Katra,4,2.0,7,0.0,1,0,0,0.98,11969417.0
858.0,Dhoomanganj,2,1.0,5,0.0,0,0,1,3.25,4513484.0
1590.0,Phaphamau,3,3.0,18,0.0,0,1,1,9.94,9064414.0
2885.0,Subedarganj,5,4.0,7,0.0,0,0,0,2.72,16363513.0
895.0,Muthiganj,3,3.0,20,1.0,0,0,0,1.85,3252465.0
864.0,Stanley Road,2,2.0,43,1.0,1,0,1,0.83,7584131.0
1296.0,Naini,2,1.0,40,1.0,0,0,0,6.37,5021412.0
1179.0,Civil Lines,3,2.0,5,0.0,0,1,0,0.3,13039130.0
732.0,Lukerganj,2,2.0,12,0.0,0,0,1,0.89,5730597.0
820.0,Jhalwa,3,3.0,3,0.0,0,0,0,9.22,3404477.0
3110.0,Mumfordganj,6,4.0,9,1.0,0,0,1,2.34,21498765.0
380.0,Dhoomanganj,2,1.0,15,1.0,1,0,0,3.09,2200293.0
1100.0,Subedarganj,1,1.0,37,0.0,0,1,1,3.37,3981939.0
1392.0,Lukerganj,3,2.0,2,0.0,1,0,0,1.68,10719720.0
876.0,Chowk,2,2.0,10,1.0,1,0,1,1.03,5792346.0
1020.0,George Town,2,1.0,18,0.0,0,1,1,1.22,9476822.0
1422.0,Jhunsi,2,2.0,17,1.0,1,1,1,8.64,4816096.0
1128.0,Katra,1,1.0,3,1.0,0,0,1,1.84,7632330.0
1111.0,Colonelganj,2,2.0,7,1.0,1,0,0,0.87,7152702.0
3774.75,Stanley Road,6,4.0,37,0.0,0,0,1,0.76,28193786.25
1220.0,Jhunsi,2,2.0,4,1.0,0,0,1,9.24,5168331.0
1138.0,Katra,2,1.0,7,0.0,0,0,1,0.8,7336902.0
1225.0,Sulem Sarai,2,1.0,5,1.0,0,1,1,6.81,11217703.0
1643.0,Subedarganj,4,3.0,35,0.0,0,0,1,3.01,6616444.0
892.0,Phaphamau,2,2.0,23,1.0,0,1,0,10.11,5691470.0
1448.0,Teliyarganj,3,3.0,39,0.0,0,0,1,4.2,7355523.0
1725.0,Naini,3,3.0,3,1.0,1,0,1,6.97,9865920.0
1500.0,Tagore Town,3,4.0,19,1.0,1,1,1,2.55,14853571.0
1245.5,Naini,4,2.0,29,1.0,0,0,1,5.75,5760574.0
1347.0,Ashok Nagar,3,2.0,15,0.0,0,0,0,2.11,7341775.0
1211.0,Daraganj,2,1.0,3,1.0,1,0,1,4.47,7033314.0
764.0,Tagore Town,2,1.0,34,0.0,0,0,1,2.47,4937023.0
1761.0,Kydganj,4,4.0,13,0.0,0,1,1,1.33,8297516.0
1325.0,Sulem Sarai,3,3.0,25,1.0,0,0,1,5.71,8587737.0
567.0,Jhunsi,1,2.0,20,1.0,0,0,0,9.31,2030608.0
535.0,Jhunsi,1,2.0,23,0.0,0,0,0,8.67,1668663.0
1551.0,Naini,4,2.0,6,0.0,0,0,1,6.93,8083665.0
2064.0,Kydganj,5,4.0,29,1.0,0,0,0,1.56,9198898.0
830.0,Civil Lines,3,3.0,15,1.0,1,0,1,0.37,9160830.0
1747.0,Mumfordganj,4,4.0,9,1.0,0,0,1,2.03,12449399.0
1245.5,Colonelganj,3,2.0,3,1.0,0,0,1,1.14,13082705.0
1375.0,Katra,3,2.0,12,1.0,1,1,1,0.77,9337269.0
2581.0,Mumfordganj,5,4.0,5,1.0,1,0,1,1.56,17545112.0
757.0,Stanley Road,1,1.0,6,1.0,0,1,1,0.37,7784746.0
2612.0,Alopibagh,5,3.0,29,0.0,0,0,1,2.83,9445616.0
990.0,Bamrauli,3,3.0,3,1.0,0,0,0,7.12,3894726.0
1589.0,Jhalwa,4,4.0,23,1.0,0,0,1,8.55,5971514.0
1310.0,Dhoomanganj,2,2.0,5,0.0,0,0,1,2.53,6847305.0
711.0,Katra,2,1.0,7,0.0,0,0,0,1.16,3832374.0
1158.0,Tagore Town,3,2.0,7,1.0,0,0,1,2.73,11698234.0
1452.0,Katra,3,1.0,9,1.0,0,0,1,1.12,7700567.0
1129.0,Chowk,2,2.0,22,0.0,1,1,1,0.75,5852138.0
1441.0,Daraganj,3,1.0,1,1.0,0,0,1,4.63,7876277.0
3550.0,Lukerganj,6,3.0,2,1.0,0,0,1,2.47,28193786.25
976.0,Civil Lines,2,2.0,5,0.0,1,1,0,0.59,13045647.0
2310.0,Naini,5,4.0,32,1.0,0,1,0,6.51,11970955.0
1400.0,Dhoomanganj,4,3.0,11,1.0,0,0,1,3.24,7608812.0
888.0,Katra,2,2.0,5,0.0,1,0,1,1.35,6345685.0
643.0,Dhoomanganj,2,2.0,9,0.0,0,0,0,3.18,3034117.0
2154.0,Allahpur,4,3.0,20,1.0,1,0,1,2.98,12415859.0
928.0,Civil Lines,3,2.0,3,1.0,0,1,1,0.82,12461679.0
861.0,Alopibagh,1,1.0,28,1.0,1,0,1,2.66,3443232.0
1079.0,Stanley Road,2,2.0,8,1.0,0,1,0,0.85,10379634.0
2727.0,Allahpur,6,4.0,27,0.0,1,1,1,2.78,15486137.0
1771.0,Katra,4,2.0,4,0.0,1,0,1,0.6,12425518.0
559.0,Jhalwa,1,1.0,4,0.0,0,0,0,7.82,2150068.0
1959.0,Colonelganj,4,2.0,20,1.0,0,0,1,1.45,11996115.0
1141.0,Jhalwa,3,2.0,18,1.0,0,0,1,7.95,4437789.0
1770.0,Jhunsi,4,3.0,11,1.0,0,0,1,8.31,5961757.0
1193.0,Lukerganj,2,1.0,9,1.0,0,0,1,2.17,9004892.0
1260.0,Ashok Nagar,2,1.0,10,1.0,1,0,0,2.37,8349416.0
1135.0,Civil Lines,3,2.0,26,0.0,0,0,0,0.26,10440271.0
1143.0,George Town,2,2.0,20,1.0,1,0,1,1.38,12459509.0
637.0,Katra,1,1.0,28,1.0,0,0,1,1.07,3243311.0
1309.0,Bamrauli,2,2.0,3,0.0,0,0,0,6.79,4579549.0
610.0,Colonelganj,1,1.0,23,0.0,1,0,0,1.35,3187786.0
2661.0,Teliyarganj,6,3.0,10,1.0,0,1,1,4.26,15331373.0
1714.0,Daraganj,4,2.0,33,1.0,1,0,1,3.48,7562996.0
2605.0,Tagore Town,6,4.0,20,0.0,0,1,1,2.62,22786899.0
1814.0,Jhalwa,4,3.0,18,1.0,1,0,0,9.05,7509911.0
1187.0,Mumfordganj,2,2.0,9,1.0,0,1,1,2.17,8613301.0
1250.0,Dhoomanganj,3,3.0,2,1.0,0,1,0,3.43,6967040.0
887.0,Allahpur,2,1.0,18,0.0,0,1,0,2.95,4805317.0
1294.0,Phaphamau,2,2.0,12,0.0,0,0,1,9.96,6387703.0
1149.0,Tagore Town,3,2.0,8,1.0,0,1,0,2.07,11080086.0
1234.0,Muthiganj,3,3.0,20,0.0,0,0,0,1.85,4479322.0
1142.0,Civil Lines,3,2.0,5,0.0,1,0,0,0.18,12594882.0
3774.75,Dhoomanganj,6,4.0,12,1.0,0,0,1,3.01,25023696.0
975.0,Bamrauli,2,1.0,27,1.0,1,0,1,6.82,3547993.0
1258.0,Daraganj,3,2.0,2,1.0,0,0,1,3.88,7594821.0
929.0,Allahpur,2,2.0,7,1.0,0,0,1,2.59,6004314.0
2200.0,George Town,3,2.0,10,0.0,0,1,0,0.84,26449451.0
960.0,Muthiganj,1,2.0,14,0.0,0,0,1,2.58,3962343.0
1447.0,Bamrauli,3,2.0,18,1.0,0,0,1,6.44,5454304.0
787.0,Bamrauli,1,1.0,33,0.0,0,0,1,6.2,2233791.0
848.0,George Town,1,1.0,21,1.0,0,1,0,1.09,8604679.0
1655.0,Tagore Town,4,3.0,5,1.0,1,0,1,2.21,16411386.0
1244.0,Jhunsi,2,2.0,11,1.0,1,1,1,8.6,4087045.0
2590.0,Civil Lines,6,3.0,12,0.0,0,0,0,0.5,23309173.0
1470.0,Subedarganj,3,1.0,20,1.0,0,1,1,2.92,6462600.0
824.0,Bamrauli,2,1.0,5,0.0,1,0,0,6.79,3464267.0
2040.0,Colonelganj,5,4.0,8,1.0,0,0,0,1.09,15448532.0
795.0,Daraganj,2,1.0,4,1.0,1,1,0,4.38,5173134.0
1094.0,Sulem Sarai,3,3.0,2,0.0,1,0,1,6.51,7931692.0
657.0,Kydganj,1,1.0,24,1.0,1,0,1,1.89,3102078.0
1074.0,Sulem Sarai,3,2.0,8,1.0,1,0,1,6.94,7846124.0
815.0,George Town,1,1.0,31,1.0,0,0,0,1.28,7741306.0
1104.0,Bamrauli,3,2.0,12,0.0,0,0,1,7.38,4789072.0
1012.0,Subedarganj,3,2.0,5,1.0,0,0,0,3.48,6133573.0
415.0,Alopibagh,2,1.0,16,0.0,1,0,1,3.39,1711968.0
1688.0,Tagore Town,4,3.0,8,1.0,0,0,1,2.28,17653032.0
969.0,Sulem Sarai,1,1.0,18,1.0,0,1,0,6.79,5980010.0
1191.0,Subedarganj,2,2.0,12,0.0,1,0,1,3.97,6571782.0
1881.0,Daraganj,4,3.0,6,1.0,0,0,1,5.47,10740606.0
1969.0,Katra,4,3.0,18,1.0,1,0,0,1.45,12067921.0
1718.0,Ashok Nagar,4,3.0,3,0.0,1,0,0,2.2,12077125.0
1685.0,Jhunsi,4,3.0,6,1.0,1,0,1,8.59,6805390.0
1176.0,George Town,3,3.0,28,1.0,0,0,1,1.92,11227788.0
1131.0,Naini,2,1.0,3,1.0,0,0,0,5.87,6606582.0
701.0,Dhoomanganj,3,2.0,9,1.0,0,0,1,3.05,3867355.0
909.0,Civil Lines,2,2.0,19,0.0,0,0,1,0.53,8719210.0
2181.0,Jhunsi,5,3.0,11,0.0,0,0,0,8.76,8020322.0
2425.0,Katra,6,4.0,13,0.0,0,1,0,1.46,15158858.0
900.0,Civil Lines,1,1.0,12,0.0,0,0,1,0.78,8537454.0
891.0,Teliyarganj,2,1.0,22,1.0,0,0,1,4.46,4859463.0
3090.0,Mumfordganj,6,4.0,9,1.0,0,0,1,2.16,20078277.0
745.0,Stanley Road,2,1.0,7,1.0,0,1,1,1.21,8135218.0
1842.0,Tagore Town,4,3.0,6,1.0,0,1,1,2.82,18964729.0
2095.0,Jhunsi,4,3.0,8,1.0,0,0,1,8.65,8308852.0
1251.0,Jhalwa,2,1.0,6,0.0,0,0,1,9.0,5085466.0
838.0,Lukerganj,1,1.0,9,0.0,0,1,1,1.83,6490531.0
881.0,Sulem Sarai,3,2.0,9,0.0,1,1,0,6.13,6184833.0
1254.0,Dhoomanganj,2,2.0,19,1.0,1,0,0,3.29,5667129.0
885.0,Naini,2,2.0,21,1.0,1,0,0,6.73,5046408.0
1547.0,Daraganj,3,2.0,22,1.0,0,0,0,4.54,6680608.0
909.0,Tagore Town,1,1.0,23,0.0,0,0,1,2.73,7398672.0
939.0,Civil Lines,2,1.0,22,0.0,0,1,0,0.19,8965018.0
1981.0,Tagore Town,4,3.0,27,1.0,0,1,0,1.84,15565747.0
521.0,George Town,1,1.0,7,0.0,0,1,1,1.32,5810558.0
1374.0,Naini,3,4.0,2,0.0,1,0,0,6.56,8004222.0
1494.0,Ashok Nagar,4,2.0,12,0.0,0,0,0,1.89,10627809.0
1432.0,Kydganj,4,3.0,16,0.0,0,1,1,2.13,5932827.0
1932.0,Bamrauli,4,2.0,29,1.0,1,0,0,6.71,6787725.0
1139.0,Katra,2,2.0,7,0.0,0,0,0,1.51,7206023.0
1542.0,Colonelganj,3,2.0,7,1.0,0,1,1,0.33,10641019.0
835.0,Teliyarganj,1,2.0,17,0.0,0,0,1,3.83,4211354.0
966.0,Ashok Nagar,2,2.0,9,0.0,0,0,0,1.71,5881765.0
1900.0,Tagore Town,3,3.0,10,0.0,1,0,1,2.67,16822377.0
1309.0,Bamrauli,2,1.0,22,1.0,0,0,1,6.79,4462847.0
1366.0,Muthiganj,4,3.0,4,1.0,1,1,1,1.76,6593476.0
1648.0,Teliyarganj,3,3.0,4,0.0,1,0,0,3.39,11338364.0
1542.0,Lukerganj,3,2.0,17,1.0,0,0,1,2.02,12959295.0
1374.0,Tagore Town,3,3.0,8,1.0,0,1,1,2.14,12706039.0
1174.0,Teliyarganj,3,2.0,14,1.0,0,1,0,4.44,7199015.0
1193.0,Dhoomanganj,2,1.0,30,1.0,0,1,0,2.59,4810088.0
2053.0,Kydganj,4,3.0,5,0.0,0,0,0,2.06,10298017.0
615.0,George Town,2,1.0,23,1.0,1,0,1,0.91,6822377.0
1050.0,Allahpur,2,2.0,4,1.0,0,0,0,3.18,7147079.0
1951.0,Ashok Nagar,5,4.0,4,1.0,0,0,1,2.16,15346987.0
2790.0,George Town,4,3.0,14,0.0,0,0,1,1.25,28193786.25
1202.0,Katra,2,2.0,29,1.0,1,1,1,1.03,7746059.0
1856.0,Phaphamau,3,2.0,11,1.0,0,1,1,9.45,11055452.0
1356.0,Bamrauli,3,1.0,15,1.0,0,0,0,6.88,5711177.0
2301.0,Chowk,5,4.0,12,1.0,1,1,1,1.31,12803459.0
1166.0,Naini,2,2.0,20,0.0,0,0,0,7.2,5397917.0
824.0,Civil Lines,2,1.0,19,1.0,0,1,1,0.86,7932116.0
1998.0,Lukerganj,6,4.0,4,0.0,1,1,1,1.77,18829318.0
973.0,Dhoomanganj,1,1.0,16,1.0,0,0,1,3.46,3882558.0
1591.0,George Town,3,3.0,5,0.0,0,1,1,1.61,22703681.0
870.0,Lukerganj,2,2.0,22,1.0,0,0,0,1.78,6476778.0
1684.0,Tagore Town,4,2.0,16,0.0,1,0,1,1.51,14490146.0
1291.0,Daraganj,2,2.0,25,1.0,0,0,1,4.28,6219815.0
735.0,Jhunsi,1,1.0,7,1.0,0,0,1,9.28,2510629.0
642.0,Naini,1,1.0,8,0.0,1,0,0,6.14,3462418.0
458.0,Alopibagh,2,2.0,2,1.0,0,0,0,3.08,2276835.0
1456.0,George Town,3,3.0,10,1.0,1,1,1,0.75,16921896.0
868.0,Colonelganj,2,1.0,8,0.0,0,0,0,0.56,5001200.0
1257.0,Dhoomanganj,2,2.0,21,1.0,0,0,1,3.29,5908127.0
523.0,Naini,1,2.0,10,1.0,1,0,1,6.48,3027612.0
1002.0,Stanley Road,2,1.0,22,1.0,0,0,1,0.69,9649119.0
853.0,Katra,1,1.0,26,1.0,0,1,1,0.92,4741108.0
2556.0,Stanley Road,6,4.0,5,0.0,0,0,1,0.3,26172097.0
1245.5,Naini,2,2.0,1,1.0,1,0,1,5.82,6280687.0
1232.0,Dhoomanganj,2,2.0,16,1.0,0,0,0,3.51,5753222.0
925.0,Jhalwa,1,1.0,8,0.0,1,0,0,8.41,3603121.0
1072.0,Colonelganj,3,2.0,10,0.0,1,1,1,0.78,7528229.0
1343.0,Sulem Sarai,2,2.0,15,0.0,0,0,1,6.53,9047658.0
1051.0,George Town,2,2.0,10,1.0,0,1,1,1.59,12899464.0
1293.0,Chowk,3,2.0,10,1.0,0,0,0,1.18,6908306.0
1383.0,Jhalwa,3,2.0,16,1.0,0,0,0,9.16,5405573.0
1804.0,Teliyarganj,3,1.0,7,1.0,1,1,0,4.21,11265316.0
1567.0,Mumfordganj,4,4.0,3,1.0,1,0,0,2.03,12641431.0
1230.0,Tagore Town,2,1.0,7,1.0,0,0,1,2.08,13131570.0
2344.0,Jhunsi,5,4.0,7,1.0,1,0,1,9.26,9333116.0
1187.0,Daraganj,2,2.0,27,1.0,0,0,1,4.86,6252902.0
902.0,Muthiganj,2,3.0,8,1.0,0,0,1,2.02,3705230.0
1521.0,Stanley Road,3,2.0,9,0.0,0,1,1,1.17,15272167.0
2102.0,Bamrauli,4,4.0,8,1.0,0,0,1,6.98,8632874.0
1292.0,Naini,2,1.0,16,0.0,0,0,1,6.06,6400238.0
1075.0,Allahpur,3,3.0,5,1.0,0,1,1,3.21,8400420.0
890.0,Tagore Town,3,1.0,5,1.0,0,0,1,1.42,8662575.0
2276.0,Katra,6,4.0,1,1.0,0,0,0,1.36,20430404.0
1995.0,Lukerganj,4,3.0,27,0.0,1,1,0,1.61,15166850.0
874.0,Jhalwa,3,2.0,23,0.0,0,0,1,8.94,3192578.0
868.0,Naini,2,1.0,5,1.0,0,0,0,6.56,4689189.0
1192.0,Ashok Nagar,3,2.0,4,0.0,0,0,0,2.13,9070046.0
727.0,Allahpur,2,1.0,5,1.0,1,0,0,3.0,5488321.0
654.0,Lukerganj,1,2.0,21,1.0,0,0,1,1.39,4770894.0
1912.0,Muthiganj,3,4.0,11,0.0,1,1,0,2.0,7576354.0
1491.0,Colonelganj,3,2.0,8,1.0,0,1,1,1.27,13578570.0
1247.0,Colonelganj,3,2.0,24,1.0,0,1,0,0.86,7423630.0
1121.0,Bamrauli,2,1.0,17,0.0,0,0,0,6.25,3744483.0
1371.0,Alopibagh,2,1.0,10,1.0,0,0,1,2.93,5771357.0
1771.0,Lukerganj,4,2.0,7,1.0,1,0,1,2.48,17297433.0
1825.0,Phaphamau,4,3.0,8,1.0,0,0,0,10.08,11960443.0
1856.0,Subedarganj,4,3.0,32,0.0,1,0,1,2.65,8208475.0
1534.0,Subedarganj,3,2.0,19,1.0,0,0,1,3.0,6630511.0
1220.0,Naini,1,1.0,6,1.0,1,0,1,6.86,6073820.0
1222.0,Chowk,4,2.0,33,0.0,0,0,0,1.59,5671250.0
1538.0,Allahpur,2,2.0,20,1.0,1,0,1,2.91,8897659.0
1432.0,Tagore Town,2,2.0,19,1.0,0,0,1,1.8,12873951.0
1260.0,Teliyarganj,3,3.0,3,1.0,0,0,1,4.59,9218493.0
958.0,Katra,2,3.0,16,0.0,1,0,1,0.85,6601757.0
963.0,Ashok Nagar,2,1.0,10,0.0,1,0,1,1.36,6445760.0
774.0,Stanley Road,1,1.0,24,1.0,1,0,0,0.73,7103869.0
935.0,Bamrauli,1,1.0,10,0.0,0,0,1,7.04,3257557.0
1501.0,Jhunsi,3,3.0,18,0.0,1,0,1,9.04,4858103.0
1506.0,Jhalwa,2,1.0,22,1.0,0,0,1,8.92,5803553.0
1670.0,Phaphamau,3,3.0,10,1.0,0,0,1,9.43,10144427.0
1096.0,Lukerganj,2,1.0,12,1.0,0,0,1,2.04,9109351.0
936.0,Ashok Nagar,3,2.0,9,1.0,0,1,0,2.35,6969790.0
868.0,Daraganj,2,2.0,9,1.0,0,0,1,4.94,4916944.0
1245.5,Jhunsi,6,2.0,2,1.0,0,0,1,8.82,11308999.0
1122.0,George Town,2,1.0,28,0.0,0,1,1,2.1,11901497.0
2116.0,Civil Lines,5,4.0,21,0.0,1,0,0,0.36,23076529.0
1370.0,Katra,1,1.0,16,0.0,1,0,1,1.69,7925132.0
1786.0,Teliyarganj,4,3.0,21,1.0,1,0,1,4.35,10420669.0
1447.0,Naini,2,1.0,6,1.0,1,0,0,6.98,7326143.0
1245.5,Ashok Nagar,2,2.0,12,1.0,0,0,1,1.76,6400745.0
1232.0,Naini,2,2.0,20,1.0,0,0,0,7.01,5479160.0
1543.0,Civil Lines,3,2.0,5,0.0,0,0,0,0.43,15113802.0
1686.0,Naini,3,1.0,12,1.0,1,0,0,6.65,8348127.0
1234.0,Sulem Sarai,2,1.0,13,1.0,0,0,0,6.86,8576652.0
1654.0,Daraganj,3,2.0,1,0.0,0,1,0,4.32,9007806.0
968.0,Teliyarganj,2,3.0,5,1.0,0,0,0,3.76,6751366.0
1117.0,Bamrauli,3,3.0,9,1.0,1,0,1,7.01,4665339.0
1334.0,Dhoomanganj,4,2.0,21,1.0,0,0,1,2.64,5969327.0
1393.0,Naini,3,2.0,10,0.0,1,0,0,6.3,6659517.0
1367.0,Lukerganj,3,1.0,5,1.0,0,0,1,2.46,10642836.0
1775.0,Chowk,4,3.0,4,1.0,0,0,0,1.96,11204351.0
1245.5,Civil Lines,2,2.0,4,1.0,1,0,1,0.42,7144738.0
1515.0,Allahpur,3,3.0,16,0.0,1,0,1,3.17,8834043.0
2169.0,Alopibagh,4,2.0,14,0.0,0,0,1,3.24,8686681.0
1196.0,Jhunsi,2,2.0,9,0.0,0,0,1,8.59,4312247.0
1532.0,Teliyarganj,4,3.0,25,0.0,1,1,1,3.39,10293769.0
568.0,Mumfordganj,1,1.0,23,0.0,0,0,1,2.07,2825709.0
968.0,Allahpur,2,2.0,18,1.0,0,0,1,2.76,5413457.0
851.0,Civil Lines,2,1.0,25,1.0,1,1,1,0.36,9515249.0
660.0,Muthiganj,1,1.0,3,0.0,1,0,0,1.62,3122027.0
838.0,Tagore Town,2,1.0,25,1.0,0,0,0,2.35,7207044.0
1344.0,Phaphamau,2,2.0,21,1.0,0,0,0,9.71,6875699.0
1289.0,Dhoomanganj,2,2.0,10,0.0,0,1,1,3.27,6619692.0
3774.75,Muthiganj,6,4.0,2,0.0,0,0,1,1.77,20845848.0
825.0,Phaphamau,1,1.0,6,1.0,0,0,1,9.74,5600301.0
3002.0,Ashok Nagar,6,4.0,11,0.0,0,0,0,1.91,21152636.0
1145.0,Alopibagh,3,2.0,6,1.0,0,0,0,3.39,4890484.0
1397.0,Naini,2,1.0,20,1.0,1,1,1,6.13,6721618.0
1246.0,Muthiganj,3,2.0,5,0.0,1,0,1,1.9,5527537.0
1245.5,Jhalwa,3,2.0,7,1.0,0,1,1,9.28,4419408.0
2113.0,Naini,5,3.0,33,1.0,1,0,1,6.41,10311868.0
1171.0,Daraganj,2,1.0,10,0.0,1,0,0,3.87,5628159.0
1595.0,Daraganj,3,2.0,3,0.0,0,0,1,4.41,8295772.0
1020.0,Daraganj,2,2.0,33,1.0,0,0,1,4.81,4366885.0
1270.0,Stanley Road,3,3.0,8,1.0,0,0,1,0.48,13319611.0
2061.0,Lukerganj,3,2.0,8,0.0,0,0,1,1.83,15192900.0
1490.0,Civil Lines,3,2.0,16,0.0,1,1,1,0.36,13634272.0
1719.0,Civil Lines,4,2.0,3,1.0,0,1,0,0.66,23571505.0
1140.0,Kydganj,3,1.0,29,1.0,1,1,0,1.65,4961381.0
1964.0,Phaphamau,4,3.0,16,1.0,0,0,1,9.98,12273040.0
1415.0,Teliyarganj,3,2.0,21,0.0,0,0,1,4.05,7171205.0
849.0,Sulem Sarai,2,2.0,12,1.0,0,0,0,6.9,5819497.0
2324.0,Ashok Nagar,4,3.0,26,1.0,1,0,0,2.34,15675015.0
940.0,Kydganj,3,3.0,6,1.0,1,0,1,1.5,4498328.0
1578.0,Ashok Nagar,3,2.0,16,1.0,0,1,0,2.34,10403785.0
1649.0,Daraganj,4,3.0,16,0.0,1,0,0,4.03,7139252.0
956.0,Ashok Nagar,1,1.0,26,1.0,0,0,1,1.86,5350075.0
1548.0,Civil Lines,1,1.0,11,1.0,0,0,1,0.41,14804324.0
1942.0,Allahpur,4,3.0,2,1.0,1,0,1,3.13,14248879.0
1158.0,Stanley Road,3,3.0,13,1.0,1,1,0,0.59,12516706.0
1466.0,Naini,2,2.0,8,0.0,1,1,1,6.84,8077781.0
1295.0,Civil Lines,2,2.0,13,0.0,0,1,0,0.54,14134690.0
1468.0,Mumfordganj,4,3.0,18,0.0,0,1,1,2.09,7744574.0
1272.0,George Town,3,2.0,16,1.0,0,1,0,1.6,14182471.0
888.0,Ashok Nagar,2,2.0,15,1.0,0,0,1,1.84,5323315.0
803.0,Sulem Sarai,1,1.0,11,0.0,1,0,1,7.12,4474740.0
1129.0,Civil Lines,2,2.0,25,1.0,0,0,1,0.36,10280597.0
1667.0,Allahpur,3,2.0,27,1.0,0,0,0,3.13,8509776.0
785.0,Naini,3,2.0,32,0.0,0,0,1,6.81,2763389.0
1615.0,Kydganj,3,2.0,6,0.0,0,1,0,1.97,6992587.0
726.0,Allahpur,2,2.0,6,0.0,0,0,1,2.83,4529856.0
901.0,Lukerganj,1,1.0,30,1.0,0,0,1,2.12,5896026.0
973.0,Phaphamau,3,2.0,10,1.0,1,0,1,8.61,6190001.0
616.0,Bamrauli,1,2.0,18,0.0,1,0,1,7.19,2141446.0
1190.0,Tagore Town,3,1.0,18,0.0,0,1,0,2.05,10672958.0
2125.0,Teliyarganj,5,4.0,4,0.0,1,0,1,4.23,15177485.0
1717.0,Jhunsi,4,3.0,12,1.0,1,0,1,9.18,6290351.0
1411.0,Civil Lines,3,2.0,8,0.0,1,1,1,0.28,15173519.0
565.0,Naini,1,1.0,9,0.0,0,1,1,6.42,2636382.0
1653.0,Mumfordganj,4,2.0,5,0.0,1,1,1,2.6,12075683.0
981.0,Civil Lines,2,2.0,6,1.0,0,0,1,0.5,10948741.0
1055.0,Allahpur,2,1.0,26,0.0,1,0,1,2.88,5784658.0
1094.0,Dhoomanganj,3,2.0,9,1.0,1,0,0,3.01,5972643.0
1455.0,Kydganj,4,3.0,9,1.0,0,0,1,1.59,7581684.0
3011.0,Chowk,6,4.0,3,0.0,0,0,0,2.25,19701103.0
1370.0,Ashok Nagar,4,4.0,30,1.0,0,0,1,2.28,8879165.0
2329.0,Colonelganj,6,4.0,38,1.0,1,0,0,0.71,12667651.0
3442.0,Allahpur,6,4.0,6,0.0,1,0,1,2.42,22136920.0
2438.0,Tagore Town,6,4.0,5,0.0,0,0,1,2.38,26107032.0
951.0,Jhalwa,2,1.0,2,1.0,0,0,0,8.56,4942523.0
1328.0,Jhalwa,2,1.0,7,1.0,0,0,1,8.31,5433226.0
1867.0,Phaphamau,3,2.0,14,0.0,0,0,1,9.09,9066734.0
551.0,Teliyarganj,1,1.0,25,0.0,0,0,1,3.94,2816119.0
1444.0,George Town,2,2.0,32,0.0,0,1,0,1.12,12726598.0
1112.0,Civil Lines,2,2.0,11,1.0,0,1,1,0.89,10598530.0
1783.0,Jhunsi,4,4.0,12,0.0,0,0,0,8.55,6380131.0
914.0,Kydganj,2,2.0,22,1.0,0,0,1,1.37,4452825.0
930.0,Tagore Town,1,1.0,10,0.0,0,0,1,2.0,7625944.0
2440.0,Teliyarganj,5,2.0,6,1.0,0,1,0,3.99,14718465.0
1122.0,George Town,3,3.0,29,0.0,0,1,1,1.23,10466266.0
1031.0,Ashok Nagar,3,2.0,24,0.0,1,0,1,2.04,6282357.0
3414.0,Dhoomanganj,6,4.0,9,1.0,0,0,0,2.78,20152620.0
1708.0,Civil Lines,3,3.0,9,0.0,0,0,0,0.3,16368318.0
1231.0,Katra,3,2.0,27,1.0,0,0,0,1.75,7717236.0
1330.0,Jhalwa,1,1.0,7,0.0,0,0,1,8.05,4908078.0
1591.0,Daraganj,3,2.0,5,0.0,0,0,0,4.5,8152742.0
1575.0,Sulem Sarai,3,3.0,12,0.0,0,1,1,6.88,9908323.0
545.0,Colonelganj,2,2.0,4,1.0,1,0,0,0.35,4523911.0
365.0,Jhunsi,1,1.0,29,0.0,0,0,1,9.82,1030017.0
2699.0,Jhunsi,4,3.0,18,0.0,0,0,1,9.16,9756079.0
551.0,Ashok Nagar,1,1.0,31,0.0,1,1,1,2.27,3918811.0
3144.0,Stanley Road,6,4.0,12,1.0,0,0,1,0.71,28193786.25
673.0,Dhoomanganj,1,1.0,7,1.0,0,0,0,3.49,3474877.0
770.0,Lukerganj,2,2.0,13,1.0,1,1,1,2.02,7019590.0
380.0,Stanley Road,1,1.0,4,0.0,1,1,1,1.16,4728184.0
1484.0,Dhoomanganj,3,2.0,13,0.0,0,0,0,3.18,7009045.0
790.0,Jhalwa,2,2.0,13,1.0,0,0,1,8.54,2859886.0
1814.0,Ashok Nagar,4,3.0,3,0.0,1,0,1,1.53,13874102.0
1278.0,Jhalwa,3,1.0,6,0.0,1,0,1,8.81,5027516.0
1579.0,Bamrauli,3,2.0,5,0.0,1,1,1,6.85,6894285.0
1337.0,Allahpur,3,3.0,11,1.0,0,1,0,3.16,9213774.0
653.0,Ashok Nagar,2,2.0,11,1.0,1,0,1,2.74,5312364.0
1238.0,Sulem Sarai,2,1.0,6,0.0,0,0,1,6.41,9003233.0
3246.0,Bamrauli,6,4.0,12,1.0,0,0,1,6.72,13141319.0
1593.0,Dhoomanganj,3,3.0,5,0.0,0,0,0,2.66,8366681.0
986.0,Katra,2,2.0,3,0.0,1,0,0,1.45,6249203.0
698.0,Katra,1,1.0,16,1.0,0,0,1,1.15,4365841.0
1057.0,Phaphamau,3,2.0,6,1.0,0,0,0,9.74,6797878.0
999.0,Tagore Town,2,1.0,18,0.0,0,0,0,2.78,7717454.0
1300.0,Jhunsi,2,1.0,5,1.0,0,1,1,8.58,5370536.0
1060.0,Jhunsi,2,1.0,1,1.0,1,0,1,9.2,4342901.0
888.0,Jhunsi,2,2.0,12,1.0,0,1,1,9.24,3084902.0
771.0,Naini,2,2.0,18,0.0,0,0,1,6.18,3567276.0
754.0,Daraganj,2,2.0,19,1.0,0,0,1,5.01,3435315.0
1864.0,Chowk,5,4.0,5,1.0,1,0,1,1.64,12203110.0
1611.0,George Town,3,2.0,5,1.0,0,1,0,1.19,19644595.0
1420.0,Lukerganj,3,3.0,24,1.0,1,0,1,2.57,12925249.0
1401.0,Phaphamau,3,2.0,26,0.0,0,0,0,9.01,7537043.0
1028.0,Kydganj,2,2.0,18,1.0,0,0,0,2.29,4801857.0
1376.0,George Town,4,2.0,5,0.0,0,0,1,1.19,18400803.0
832.0,Muthiganj,1,1.0,6,0.0,0,0,1,2.3,3255023.0
685.0,Tagore Town,2,1.0,15,1.0,0,1,1,2.05,6091177.0
1183.0,Subedarganj,2,1.0,4,0.0,0,1,1,2.44,5754952.0
1004.0,Dhoomanganj,3,3.0,23,0.0,0,0,1,2.46,4082491.0
1204.0,Naini,3,3.0,0,1.0,0,0,0,6.11,7653772.0
2065.0,Tagore Town,4,2.0,5,0.0,0,1,0,1.99,18775220.0
1672.0,Colonelganj,4,2.0,53,1.0,0,0,1,1.27,7687035.0
1446.0,Civil Lines,3,3.0,13,0.0,0,0,0,0.26,13698997.0
501.0,Teliyarganj,1,1.0,22,1.0,0,1,1,4.29,3067978.0
690.0,Jhunsi,1,1.0,27,1.0,0,0,0,8.93,2245339.0
1188.0,Sulem Sarai,3,2.0,12,1.0,1,1,0,6.68,8779903.0
1969.0,Naini,5,3.0,45,1.0,0,1,1,6.21,8073881.0
2240.0,Colonelganj,5,4.0,39,1.0,0,1,1,1.37,11428576.0
1737.0,Naini,4,3.0,21,0.0,0,1,0,6.83,7815591.0
1052.0,Allahpur,2,2.0,12,1.0,0,0,0,3.28,6751904.0
1151.0,Naini,2,1.0,8,1.0,0,0,1,6.56,6096601.0
1461.0,Kydganj,4,3.0,4,0.0,1,0,1,2.59,7837534.0
2296.0,Phaphamau,5,3.0,7,1.0,1,0,0,9.61,14722660.0
1174.0,Kydganj,2,2.0,6,1.0,0,0,1,2.59,5469370.0
1148.0,Civil Lines,1,1.0,7,1.0,1,1,1,0.77,11805065.0
1218.0,Jhunsi,3,2.0,8,1.0,0,0,1,9.34,4530336.0
1071.0,Jhunsi,3,3.0,3,1.0,1,0,1,9.51,4177355.0
501.0,Chowk,1,2.0,7,0.0,0,0,1,1.68,2668702.0
1538.0,Dhoomanganj,3,2.0,23,0.0,0,0,1,3.04,6736268.0
1193.0,Naini,2,1.0,11,0.0,1,0,1,6.47,6439705.0
1481.0,Ashok Nagar,4,3.0,27,1.0,1,0,1,1.59,9838858.0
2530.0,Colonelganj,5,4.0,3,0.0,0,1,1,1.58,18809442.0
1102.0,Ashok Nagar,3,3.0,26,0.0,0,1,1,1.51,6579633.0
1317.0,George Town,2,1.0,51,1.0,0,1,1,0.93,13421471.0
520.0,Jhunsi,1,1.0,16,1.0,1,0,0,9.15,2256025.0
724.0,Jhunsi,2,1.0,13,1.0,0,0,0,9.4,2490477.0
1551.0,Dhoomanganj,4,3.0,14,1.0,0,0,1,3.7,9061503.0
1027.0,Civil Lines,1,1.0,3,1.0,0,1,0,0.75,12291569.0
2524.0,Daraganj,5,4.0,18,1.0,1,0,0,4.51,14080975.0
918.0,Dhoomanganj,2,1.0,13,1.0,1,1,1,2.9,4831367.0
1892.0,Daraganj,5,3.0,3,1.0,1,0,0,3.71,13916047.0
1529.0,Subedarganj,3,2.0,7,1.0,0,0,1,3.02,6645078.0
1512.0,Kydganj,4,4.0,6,1.0,0,0,1,1.45,7116894.0
1763.0,Teliyarganj,6,4.0,8,1.0,1,1,1,3.79,12542850.0
1015.0,Jhalwa,2,2.0,17,1.0,0,0,0,8.42,4295760.0
1142.0,Jhalwa,2,2.0,5,0.0,0,0,0,8.5,4689651.0
1583.0,Naini,4,3.0,24,1.0,0,0,1,6.92,7373376.0
803.0,Stanley Road,2,1.0,8,1.0,0,1,0,0.8,7349987.0
2133.0,Allahpur,4,4.0,20,1.0,0,1,1,3.59,14295175.0
2485.0,Naini,5,4.0,8,1.0,0,1,0,6.95,13439878.0
1710.0,Jhunsi,4,2.0,50,1.0,0,0,1,8.52,4257722.0
1245.5,Tagore Town,2,2.0,23,1.0,0,0,1,2.39,8649654.0
1631.0,Sulem Sarai,4,4.0,12,1.0,0,0,0,7.51,12314393.0
2186.0,Teliyarganj,4,3.0,3,1.0,0,1,1,4.39,14778694.0
1014.0,Colonelganj,2,2.0,16,1.0,0,0,1,1.2,5719553.0
650.0,Sulem Sarai,1,1.0,29,1.0,0,1,0,6.74,4461591.0
1092.0,Chowk,2,2.0,21,0.0,1,1,0,1.52,5149027.0
1328.0,Allahpur,3,2.0,3,0.0,1,0,0,3.55,7860073.0
2154.0,Civil Lines,5,4.0,10,0.0,1,0,0,0.2,19653220.0
1115.0,Civil Lines,2,2.0,3,0.0,1,0,1,0.12,14080226.0
1070.0,Tagore Town,2,2.0,7,1.0,0,0,1,2.33,9620069.0
871.0,Katra,2,2.0,15,1.0,0,0,1,1.63,5767702.0
639.0,Tagore Town,1,1.0,39,1.0,1,1,1,2.23,5661855.0
1216.0,Jhunsi,3,3.0,7,1.0,0,0,0,9.47,4347970.0
749.0,Allahpur,1,1.0,15,1.0,0,0,1,3.46,4161276.0
997.0,Naini,2,2.0,22,1.0,1,0,1,5.96,5032382.0
1277.0,Naini,2,1.0,18,0.0,0,1,0,6.04,6030826.0
1198.0,Teliyarganj,3,2.0,19,1.0,1,0,1,4.16,7102651.0
1147.0,Sulem Sarai,2,1.0,31,1.0,0,0,1,6.37,7015798.0
1305.0,Jhunsi,3,3.0,6,0.0,0,0,1,9.69,4771162.0
1001.0,Naini,2,2.0,13,1.0,1,0,0,6.25,5471222.0
1471.0,Jhalwa,3,3.0,13,0.0,0,0,1,9.15,6097678.0
1336.0,Colonelganj,2,2.0,24,0.0,0,0,0,0.48,6423620.0
1069.0,Katra,2,1.0,31,1.0,0,0,1,1.08,5364134.0
2133.0,Naini,5,4.0,18,0.0,1,0,0,6.56,9713190.0
810.0,Allahpur,1,1.0,33,1.0,0,1,1,2.94,4020523.0
1559.0,Naini,4,2.0,6,1.0,1,0,0,6.49,8573182.0
772.0,Katra,2,1.0,6,1.0,1,0,1,1.13,5483137.0
1164.0,Civil Lines,2,1.0,6,1.0,0,0,1,0.6,12343941.0
1537.0,Colonelganj,3,2.0,9,1.0,0,0,0,1.04,10357798.0
1657.0,Lukerganj,3,2.0,38,0.0,0,0,0,2.11,9258315.0
1509.0,Lukerganj,3,1.0,16,0.0,0,1,0,1.7,9919817.0
3589.0,Sulem Sarai,6,4.0,7,1.0,0,0,0,6.29,28193786.25
439.0,Jhunsi,1,2.0,20,0.0,0,0,1,9.0,1435127.0
3774.75,Kydganj,6,4.0,3,0.0,0,0,0,1.57,22260383.0
1813.0,Jhalwa,4,3.0,26,1.0,0,0,0,9.27,6496160.0
2264.0,Katra,5,4.0,13,1.0,1,0,1,2.11,16103748.0
1475.0,Phaphamau,2,2.0,6,0.0,0,0,0,9.45,9028986.0
1133.0,Teliyarganj,3,4.0,32,1.0,0,0,1,3.66,7129345.0
733.0,Naini,2,2.0,11,1.0,0,0,1,5.88,3710651.0
377.0,Teliyarganj,2,1.0,5,1.0,1,0,0,4.53,2820715.0
1598.0,Ashok Nagar,4,3.0,19,1.0,1,0,0,2.41,10796290.0
2537.0,Dhoomanganj,5,4.0,8,1.0,1,0,0,3.42,12468569.0
997.0,Subedarganj,1,1.0,13,0.0,0,0,0,2.62,4235669.0
1384.0,Kydganj,3,2.0,13,1.0,0,0,1,1.42,6471711.0
1245.5,Chowk,3,2.0,10,1.0,1,0,1,1.65,5482353.0
590.0,Subedarganj,1,1.0,1,0.0,0,1,1,2.81,3321885.0
1196.0,Colonelganj,3,1.0,19,0.0,0,0,1,1.43,6012551.0
840.0,Kydganj,1,1.0,6,1.0,0,0,1,1.76,4235479.0
904.0,Dhoomanganj,3,2.0,12,1.0,1,1,0,3.39,4451058.0
1137.0,Lukerganj,2,2.0,11,0.0,0,0,1,2.19,8622236.0
726.0,Allahpur,2,1.0,15,0.0,1,1,1,2.61,4277426.0
1557.0,Mumfordganj,2,1.0,13,1.0,0,1,1,2.09,10597640.0
1633.0,Subedarganj,3,3.0,8,0.0,0,0,0,2.88,7003763.0
2555.0,Stanley Road,4,3.0,7,1.0,0,1,1,0.87,24659574.0
2566.0,Allahpur,5,4.0,15,0.0,0,0,0,2.58,15403099.0
2529.0,Alopibagh,5,4.0,6,1.0,0,0,1,2.98,12185879.0
577.0,George Town,2,3.0,14,1.0,1,1,0,1.56,6564582.0
2144.0,Teliyarganj,4,4.0,1,1.0,0,1,1,3.55,17176339.0
1001.0,Jhunsi,1,1.0,4,1.0,1,0,1,8.61,3929609.0
1052.0,Naini,1,1.0,15,1.0,0,0,1,5.71,4634088.0
2670.0,Jhunsi,6,4.0,21,1.0,0,0,0,9.38,10368783.0
2080.0,Tagore Town,4,4.0,12,1.0,0,1,1,2.52,19321344.0
1597.0,George Town,5,4.0,7,1.0,1,1,1,1.17,19235859.0
1488.0,Tagore Town,3,2.0,23,0.0,1,0,0,2.03,11121029.0
902.0,Subedarganj,1,1.0,14,1.0,0,0,1,3.5,4471799.0
879.0,Allahpur,1,1.0,19,1.0,0,0,1,2.9,4623116.0
1036.0,Naini,3,3.0,22,0.0,1,0,1,6.33,5207548.0
696.0,Phaphamau,1,1.0,5,1.0,0,0,0,10.27,4620393.0
1304.0,Sulem Sarai,3,2.0,18,0.0,0,1,1,6.59,7203238.0
3774.75,Colonelganj,3,3.0,8,0.0,1,1,1,0.94,28193786.25
1668.0,Jhunsi,3,3.0,13,0.0,1,0,1,8.96,6383847.0
812.0,Alopibagh,2,1.0,7,0.0,1,0,0,2.13,3654393.0
801.0,Alopibagh,1,1.0,16,1.0,0,0,0,3.21,3332455.0
1202.0,Allahpur,2,2.0,12,0.0,0,0,1,3.3,6790513.0
1545.0,Phaphamau,3,2.0,25,0.0,0,1,1,9.97,7974979.0
2021.0,Muthiganj,4,3.0,10,1.0,0,0,0,1.99,7387376.0
573.0,George Town,2,1.0,2,1.0,0,1,1,1.27,7625811.0
1160.0,Katra,2,2.0,16,1.0,0,0,1,1.77,7075095.0
709.0,Ashok Nagar,1,1.0,23,0.0,0,0,1,2.37,3734322.0
864.0,Jhalwa,2,1.0,7,1.0,0,0,0,9.37,4338301.0
769.0,Tagore Town,1,1.0,9,0.0,0,1,1,2.41,6457743.0
1243.0,Jhunsi,2,2.0,5,0.0,0,0,1,8.73,4427709.0
1760.0,Allahpur,4,3.0,28,1.0,0,1,1,3.23,10249012.0
1868.0,Bamrauli,3,3.0,4,1.0,0,0,1,7.68,8087352.0
1826.0,George Town,4,2.0,6,1.0,1,1,0,0.92,21253590.0
771.0,Teliyarganj,2,1.0,34,1.0,0,0,0,3.66,3720106.0
976.0,Kydganj,2,1.0,11,0.0,1,0,1,1.17,4858655.0
1044.0,Allahpur,3,3.0,15,0.0,1,0,1,3.14,6568182.0
1795.0,Allahpur,3,3.0,6,1.0,0,1,1,3.78,10968408.0
1924.0,Tagore Town,4,2.0,8,0.0,0,1,0,1.44,18790999.0
891.0,Allahpur,2,1.0,8,1.0,0,0,1,2.91,5954885.0
1329.0,Bamrauli,2,1.0,3,0.0,0,0,0,6.81,5900221.0
3245.0,Jhalwa,6,4.0,8,1.0,0,0,1,8.92,12654149.0
1680.0,Dhoomanganj,4,2.0,20,0.0,0,0,0,3.27,7780256.0
1686.0,George Town,3,3.0,4,1.0,0,0,1,1.84,21710704.0
1622.0,Mumfordganj,3,2.0,4,0.0,0,0,1,1.99,10748208.0
1245.5,Teliyarganj,1,2.0,24,1.0,0,1,0,3.77,4798342.0
777.0,Jhalwa,2,2.0,6,0.0,1,0,0,8.73,3219961.0
743.0,Bamrauli,1,1.0,13,1.0,0,0,0,7.44,3002055.0
1525.0,Teliyarganj,3,2.0,29,1.0,1,0,1,3.98,8392256.0
1431.0,Bamrauli,3,2.0,15,1.0,0,0,0,6.66,5108897.0
1334.0,Allahpur,3,3.0,15,1.0,1,0,1,3.03,8042179.0
1164.0,George Town,3,2.0,3,0.0,0,0,0,1.27,13917829.0
1174.0,Teliyarganj,2,1.0,7,0.0,0,1,1,4.44,7456901.0
379.0,Alopibagh,1,1.0,8,1.0,0,0,1,2.61,1729119.0
1499.0,Allahpur,2,3.0,36,1.0,1,0,1,2.83,8365853.0
2800.0,Lukerganj,6,4.0,15,1.0,1,0,1,2.07,24255775.0
2862.0,Jhalwa,5,4.0,9,1.0,1,0,1,8.7,13221108.0
1022.0,Kydganj,2,1.0,9,1.0,0,0,0,2.06,4546360.0
1414.0,Colonelganj,2,2.0,2,1.0,0,1,1,1.23,11168722.0
989.0,Jhunsi,1,1.0,32,1.0,0,0,1,9.07,2811359.0
937.0,Teliyarganj,1,1.0,8,1.0,0,0,0,3.54,5456775.0
1212.0,Sulem Sarai,2,1.0,28,1.0,1,0,0,6.47,8344306.0
824.0,Naini,2,1.0,32,1.0,0,0,0,6.76,3943368.0
547.0,Naini,2,2.0,25,0.0,0,0,0,7.13,2152958.0
1663.0,Allahpur,3,2.0,6,1.0,1,0,1,3.29,10411175.0
929.0,Lukerganj,2,2.0,15,0.0,1,0,1,2.22,6959479.0
762.0,Teliyarganj,2,1.0,6,0.0,1,0,1,3.88,5008040.0
2139.0,Jhalwa,5,4.0,20,1.0,0,1,0,8.14,9370936.0
918.0,Mumfordganj,2,1.0,16,1.0,0,0,1,1.9,5414595.0
2773.0,Lukerganj,5,4.0,13,0.0,0,0,1,1.93,21210759.0
781.0,Mumfordganj,2,1.0,10,1.0,0,1,1,1.89,5142513.0
1435.0,Stanley Road,3,2.0,11,1.0,1,0,0,0.66,13720929.0
1476.0,Teliyarganj,4,2.0,12,0.0,0,0,1,4.39,8900831.0
1878.0,Sulem Sarai,3,2.0,28,1.0,1,1,0,6.81,12343391.0
2957.0,Tagore Town,6,4.0,28,0.0,0,1,0,2.28,20353753.0
1005.0,Kydganj,2,1.0,5,0.0,1,0,0,1.65,5066077.0
1432.0,Jhalwa,3,2.0,7,0.0,1,0,0,8.76,5314307.0
842.0,Civil Lines,1,1.0,4,1.0,1,0,1,0.13,9534335.0
829.0,Alopibagh,2,1.0,17,0.0,0,0,1,3.74,3294107.0
3289.0,Subedarganj,6,4.0,26,1.0,0,0,0,2.84,15678617.0
1410.0,Subedarganj,4,3.0,8,0.0,0,0,1,2.82,6546677.0
1050.0,Tagore Town,2,2.0,6,1.0,0,1,0,2.21,10230302.0
2226.0,Alopibagh,4,3.0,16,1.0,0,0,1,2.95,8619145.0
511.0,Daraganj,1,1.0,11,1.0,1,0,1,4.52,2712326.0
997.0,Teliyarganj,2,2.0,12,0.0,1,1,0,4.28,6342106.0
1607.0,Jhalwa,3,2.0,3,0.0,0,0,1,9.15,6845984.0
999.0,Civil Lines,3,3.0,43,0.0,0,1,1,0.33,8664273.0
459.0,Bamrauli,1,1.0,10,0.0,1,0,1,6.52,1826526.0
883.0,Mumfordganj,1,1.0,19,0.0,0,0,1,2.32,5001586.0
992.0,Teliyarganj,2,1.0,19,1.0,1,0,1,4.32,5646684.0
854.0,Civil Lines,2,1.0,11,0.0,0,1,1,0.59,7848651.0
1357.0,Civil Lines,3,2.0,13,1.0,0,1,1,0.63,14060205.0
1436.0,Phaphamau,4,3.0,19,0.0,1,0,1,9.23,7191967.0
1459.0,Jhalwa,3,2.0,1,1.0,1,0,1,9.04,6972400.0
1438.0,Mumfordganj,4,3.0,19,1.0,1,1,1,1.53,9140357.0
1602.0,George Town,3,2.0,6,1.0,1,0,1,0.66,18206849.0
1430.0,Teliyarganj,4,3.0,29,0.0,1,0,0,4.13,7437995.0
823.0,Colonelganj,3,3.0,6,0.0,1,0,0,0.81,5793601.0
1965.0,Allahpur,5,4.0,1,1.0,1,0,1,2.95,16111689.0
913.0,Sulem Sarai,2,1.0,6,1.0,0,1,0,6.01,6586990.0
1897.0,Naini,3,2.0,10,0.0,0,1,0,6.07,8746281.0
1219.0,Teliyarganj,2,2.0,13,1.0,0,0,1,4.41,6682649.0
1425.0,Alopibagh,1,1.0,39,0.0,1,0,1,2.8,4213867.0
1508.0,Lukerganj,3,2.0,20,1.0,0,0,0,1.83,11282070.0
1349.0,George Town,3,2.0,8,1.0,0,0,1,1.32,15665426.0
993.0,Tagore Town,1,1.0,10,1.0,1,0,1,2.48,9190184.0
1178.0,George Town,3,2.0,2,0.0,0,0,0,1.01,13445570.0
1015.0,Ashok Nagar,2,2.0,23,1.0,0,0,1,1.79,6721535.0
880.0,Ashok Nagar,2,2.0,6,1.0,0,0,1,2.39,6751129.0
710.0,Teliyarganj,1,1.0,11,1.0,1,0,0,4.63,3950472.0
1058.0,Allahpur,1,1.0,15,0.0,1,0,1,3.05,6066101.0
1437.0,Allahpur,4,3.0,42,1.0,1,0,0,3.06,7166171.0
1524.0,Jhunsi,4,4.0,10,1.0,0,0,1,8.77,6054287.0
2475.0,Sulem Sarai,6,4.0,16,1.0,1,0,1,6.19,17522002.0
2616.0,Naini,5,4.0,7,0.0,0,0,0,6.09,14856846.0
1155.0,Naini,3,2.0,16,0.0,0,0,0,6.2,5260958.0
1926.0,Ashok Nagar,4,3.0,13,0.0,1,1,1,1.51,13001174.0
1354.0,Katra,4,4.0,12,0.0,0,1,1,0.56,8982201.0
1090.0,Stanley Road,3,3.0,6,0.0,1,0,0,0.76,11625128.0
1412.0,Jhalwa,3,2.0,18,1.0,1,1,1,8.45,6381784.0
969.0,Jhunsi,2,1.0,17,1.0,0,0,1,9.52,3147065.0
1728.0,Jhalwa,3,3.0,7,0.0,1,0,0,8.08,7368417.0
951.0,Subedarganj,2,2.0,9,1.0,0,0,1,2.38,4372045.0
2168.0,Tagore Town,4,3.0,4,1.0,1,1,0,1.48,21935832.0
844.0,Muthiganj,1,1.0,56,0.0,0,0,1,2.57,2387517.0
1122.0,Bamrauli,3,2.0,36,0.0,1,0,1,6.43,3806988.0
560.0,Stanley Road,2,2.0,29,1.0,1,1,1,0.68,6477577.0
955.0,Ashok Nagar,1,1.0,21,0.0,1,1,1,1.77,6252157.0
1088.0,Civil Lines,2,2.0,19,1.0,1,0,0,0.39,11939472.0
1539.0,Stanley Road,3,2.0,5,0.0,0,1,1,1.66,15341005.0
1310.0,Kydganj,3,3.0,32,1.0,0,0,1,1.91,5774533.0
1422.0,Kydganj,4,3.0,31,0.0,1,0,0,2.17,6197130.0
969.0,Mumfordganj,3,2.0,7,0.0,0,0,1,1.59,5322171.0
944.0,Civil Lines,3,2.0,36,0.0,1,1,1,0.35,8051509.0
1952.0,Mumfordganj,5,2.0,27,0.0,0,0,1,1.95,10176474.0
2046.0,Mumfordganj,4,3.0,17,1.0,1,0,1,2.11,13792276.0
1511.0,George Town,3,3.0,29,0.0,0,0,1,1.64,15814544.0
842.0,Daraganj,1,1.0,6,1.0,0,0,1,3.64,4479658.0
2213.0,Tagore Town,6,4.0,20,1.0,1,0,1,2.28,19627094.0
2301.0,Jhalwa,5,3.0,28,0.0,0,0,0,8.79,8307040.0
2553.0,Chowk,5,3.0,9,0.0,0,0,0,1.94,14185254.0
1946.0,Teliyarganj,4,3.0,24,1.0,1,0,1,4.05,12200220.0
790.0,Katra,2,2.0,28,1.0,1,0,1,1.39,4418152.0
2880.0,Katra,5,4.0,13,0.0,0,0,0,1.28,18073207.0
834.0,Subedarganj,2,2.0,14,1.0,0,0,1,2.7,4690010.0
1926.0,Mumfordganj,3,2.0,23,0.0,0,1,0,2.11,11694259.0
643.0,George Town,1,2.0,17,1.0,0,1,1,1.43,7437202.0
2477.0,George Town,5,4.0,21,1.0,0,0,0,2.04,26589168.0
1073.0,Colonelganj,3,2.0,26,0.0,1,0,0,1.34,5949595.0
932.0,Naini,3,3.0,7,0.0,1,0,1,6.41,5183788.0
884.0,Civil Lines,1,1.0,20,1.0,1,0,0,0.08,9505929.0
1836.0,Civil Lines,5,4.0,13,1.0,0,1,1,0.53,19193761.0
1036.0,Naini,2,1.0,8,0.0,0,0,0,6.31,5308006.0
2595.0,Subedarganj,6,4.0,17,1.0,0,0,1,3.16,12929416.0
1199.0,Colonelganj,2,2.0,33,1.0,0,0,1,1.1,5561819.0
2085.0,Naini,4,3.0,14,1.0,1,0,1,6.3,12045486.0
1344.0,Kydganj,4,3.0,7,1.0,0,0,0,1.8,6550919.0
1904.0,Katra,4,3.0,5,1.0,0,0,0,1.2,14240662.0
694.0,Phaphamau,2,1.0,8,1.0,0,1,0,9.58,4353718.0
1891.0,Ashok Nagar,4,3.0,28,1.0,1,0,0,2.66,11911119.0
2334.0,Ashok Nagar,6,4.0,26,0.0,1,0,0,1.71,15935951.0
1626.0,Phaphamau,3,2.0,13,1.0,1,0,1,9.38,8991717.0
1074.0,George Town,2,1.0,4,0.0,0,1,0,1.21,12948532.0
1135.0,Alopibagh,2,2.0,10,0.0,0,1,0,3.38,4954462.0
615.0,Jhunsi,2,2.0,3,1.0,0,0,0,9.63,2502779.0
2988.0,Jhalwa,6,4.0,20,1.0,0,0,1,9.21,12475455.0
2527.0,Tagore Town,5,3.0,16,1.0,1,1,1,2.41,24048774.0
1302.0,Naini,4,3.0,8,0.0,0,0,1,6.47,6534015.0
933.0,Jhalwa,3,2.0,18,1.0,1,0,1,9.02,4145751.0
1597.0,Jhalwa,4,3.0,15,0.0,0,0,0,8.44,6501549.0
1373.0,Naini,3,3.0,14,1.0,0,1,1,6.41,7789700.0
807.0,Katra,2,1.0,11,1.0,1,0,1,1.31,5660060.0
1158.0,Alopibagh,2,2.0,3,1.0,0,0,1,3.11,5657168.0
1081.0,Kydganj,4,3.0,17,1.0,0,0,0,2.04,4861761.0
741.0,Colonelganj,1,1.0,6,0.0,1,0,0,1.12,4456662.0
870.0,Civil Lines,2,1.0,14,1.0,0,1,0,0.85,9014913.0
1492.0,George Town,4,3.0,10,1.0,0,1,0,1.21,17754000.0
1385.0,Civil Lines,2,1.0,21,1.0,0,1,0,0.43,13479657.0
1494.0,Civil Lines,4,3.0,16,1.0,0,1,1,0.48,15842430.0
2035.0,Lukerganj,5,4.0,14,1.0,0,1,1,1.92,17248614.0
1346.0,Daraganj,3,2.0,14,0.0,1,0,1,4.46,7369475.0
889.0,Kydganj,1,1.0,14,1.0,0,0,0,2.17,4073578.0
884.0,Phaphamau,2,2.0,8,1.0,1,0,1,9.02,5506514.0
1280.0,Daraganj,4,3.0,9,0.0,1,0,0,4.29,7041432.0
1546.0,Sulem Sarai,4,3.0,55,1.0,0,0,1,6.96,7953550.0
521.0,Ashok Nagar,1,1.0,17,0.0,0,0,0,1.89,2681303.0
2518.0,Colonelganj,5,4.0,7,0.0,0,0,0,0.85,15688265.0
2478.0,Ashok Nagar,6,4.0,22,0.0,1,0,1,2.12,18318625.0
1254.0,Jhalwa,2,1.0,8,0.0,0,0,1,7.55,5598622.0
856.0,Jhalwa,1,1.0,22,1.0,0,0,1,8.1,3352445.0
713.0,Chowk,2,1.0,26,0.0,0,0,1,2.13,3570859.0
1921.0,Stanley Road,4,3.0,4,1.0,0,0,0,0.4,20496753.0
1989.0,George Town,4,3.0,38,1.0,1,1,1,0.98,18810032.0
1698.0,Lukerganj,4,2.0,3,0.0,0,0,0,2.05,14357644.0
1326.0,Alopibagh,3,3.0,13,1.0,1,0,1,3.01,6966319.0
1107.0,Allahpur,2,1.0,39,1.0,0,0,1,2.72,5223731.0
1622.0,Tagore Town,3,2.0,26,0.0,0,0,1,2.2,12044597.0
1869.0,Chowk,3,1.0,3,0.0,1,0,0,2.01,10814389.0
1846.0,Bamrauli,4,2.0,12,1.0,0,0,1,6.54,7199488.0
1530.0,Allahpur,3,2.0,34,1.0,0,0,0,2.81,7364316.0
816.0,Sulem Sarai,1,1.0,26,1.0,1,1,0,6.75,5544081.0
1546.0,Lukerganj,3,3.0,14,0.0,0,0,0,2.21,10601000.0
1296.0,Allahpur,2,1.0,17,1.0,1,1,1,3.11,8101416.0
992.0,Civil Lines,2,2.0,5,1.0,0,1,0,0.49,12005852.0
1653.0,Katra,3,3.0,22,1.0,0,0,1,1.45,9771102.0
784.0,Subedarganj,2,1.0,20,1.0,0,0,0,3.92,3537730.0
1321.0,Muthiganj,1,1.0,14,1.0,1,0,1,2.39,5316152.0
1574.0,Naini,4,3.0,6,1.0,0,0,1,6.15,7957242.0
1097.0,Teliyarganj,2,1.0,12,1.0,1,0,1,4.06,6404795.0
792.0,Colonelganj,2,2.0,3,1.0,0,0,1,1.15,5273530.0
1018.0,Naini,3,2.0,4,1.0,0,0,0,6.82,6018230.0
1104.0,Naini,4,3.0,3,0.0,0,0,0,6.87,6649225.0
992.0,Tagore Town,2,2.0,15,1.0,1,0,0,1.98,7922317.0
1170.0,Tagore Town,3,2.0,13,0.0,1,0,1,2.11,10114141.0
1009.0,Daraganj,2,2.0,15,1.0,1,0,1,4.57,6062272.0
511.0,Muthiganj,1,1.0,12,0.0,0,0,0,1.96,1977052.0
1308.0,George Town,2,2.0,46,1.0,0,1,1,1.39,11486652.0
1083.0,Alopibagh,1,2.0,9,1.0,0,0,1,2.93,5222150.0
1724.0,Colonelganj,3,2.0,16,1.0,1,0,1,1.17,9849829.0
2244.0,Jhunsi,5,3.0,3,0.0,1,0,1,8.94,8812830.0
975.0,Lukerganj,2,2.0,4,1.0,0,0,1,2.4,8651074.0
2139.0,Civil Lines,3,2.0,14,1.0,0,0,1,0.19,20984218.0
1460.0,Allahpur,2,2.0,7,1.0,0,1,1,2.7,9699499.0
765.0,Stanley Road,1,1.0,1,1.0,1,0,1,0.93,8298649.0
1472.0,Colonelganj,4,3.0,14,1.0,0,0,1,1.55,10013429.0
1781.0,Stanley Road,3,2.0,17,1.0,0,1,1,1.1,15903340.0
1700.0,Tagore Town,4,3.0,5,0.0,0,0,1,1.97,20047222.0
872.0,Teliyarganj,2,2.0,12,1.0,0,0,1,4.57,5629994.0
1525.0,Teliyarganj,3,2.0,34,1.0,1,1,0,4.35,8397987.0
666.0,Alopibagh,2,2.0,37,0.0,0,0,1,3.15,2199374.0
1803.0,Stanley Road,3,2.0,10,0.0,0,0,1,1.03,16072454.0
1554.0,Allahpur,4,4.0,13,1.0,0,1,0,3.42,9156126.0
2096.0,Tagore Town,4,3.0,23,1.0,1,1,1,2.35,18324637.0
1218.0,Colonelganj,3,2.0,15,0.0,1,0,1,0.55,7471066.0
586.0,Dhoomanganj,1,1.0,13,0.0,1,0,1,3.75,2885198.0
833.0,Civil Lines,1,1.0,19,0.0,0,1,1,0.58,7555116.0
693.0,Colonelganj,1,1.0,6,0.0,1,0,0,1.01,4422541.0
1056.0,Muthiganj,2,2.0,27,0.0,0,0,0,1.51,3796353.0
1598.0,Teliyarganj,4,3.0,25,1.0,0,0,1,4.04,8475036.0
858.0,Civil Lines,2,2.0,12,1.0,0,0,1,0.41,8546942.0
795.0,Sulem Sarai,2,1.0,6,1.0,1,0,1,6.8,6372229.0
1157.0,Jhunsi,3,2.0,25,1.0,0,0,1,9.11,3992624.0
2116.0,Civil Lines,4,2.0,6,1.0,0,0,1,0.59,25348912.0
958.0,Dhoomanganj,2,1.0,6,0.0,0,0,1,2.86,4131502.0
799.0,George Town,1,1.0,13,1.0,1,1,1,1.4,10019397.0
1252.0,Naini,3,4.0,13,1.0,0,0,0,6.09,6159203.0
1908.0,Naini,4,3.0,29,1.0,0,1,0,6.34,9010681.0
735.0,Jhunsi,2,2.0,5,0.0,0,0,0,9.22,2522075.0
1362.0,Stanley Road,3,2.0,1,1.0,0,0,1,0.69,14275458.0
534.0,Naini,1,1.0,14,1.0,1,0,0,6.71,2801262.0
2292.0,Sulem Sarai,6,4.0,9,1.0,0,1,1,6.78,16380454.0
1017.0,Muthiganj,2,2.0,7,0.0,0,0,0,2.31,4068119.0
1049.0,Bamrauli,2,2.0,27,0.0,0,0,1,6.62,3293750.0
472.0,Sulem Sarai,1,2.0,16,0.0,0,0,1,6.82,2958693.0
3706.0,Dhoomanganj,6,4.0,12,0.0,0,0,1,3.02,19586597.0
1844.0,Allahpur,4,3.0,6,1.0,1,0,1,3.31,11502913.0
1031.0,Sulem Sarai,2,1.0,12,1.0,1,1,1,6.51,6965810.0
1782.0,Lukerganj,2,1.0,9,0.0,0,1,0,1.66,12988168.0
1551.0,Bamrauli,3,1.0,20,1.0,0,0,1,7.15,5299680.0
1920.0,Jhalwa,3,3.0,21,1.0,1,0,1,8.9,8501541.0
897.0,Allahpur,3,3.0,32,1.0,0,0,0,2.44,5110767.0
523.0,Naini,2,2.0,9,0.0,0,0,1,6.28,2611267.0
2029.0,Allahpur,4,3.0,14,1.0,0,0,1,3.05,13108506.0
749.0,Subedarganj,2,2.0,31,1.0,1,0,1,2.7,3568465.0
2257.0,Jhalwa,6,4.0,17,0.0,0,0,1,8.26,9082710.0
1085.0,Civil Lines,1,2.0,4,1.0,0,0,1,0.05,12580535.0
804.0,Teliyarganj,1,1.0,24,0.0,0,0,1,4.03,4101904.0
994.0,Phaphamau,2,1.0,19,1.0,0,0,1,9.67,5274844.0
1389.0,Phaphamau,2,2.0,6,1.0,1,0,0,9.63,8044847.0
1215.0,Sulem Sarai,4,2.0,28,0.0,0,0,0,6.4,7117999.0
1112.0,Daraganj,2,2.0,6,0.0,1,0,1,4.64,5121646.0
1217.0,Lukerganj,2,2.0,7,1.0,1,1,1,1.58,11397154.0
551.0,Lukerganj,1,1.0,7,0.0,0,0,1,1.99,3827420.0
432.0,Allahpur,1,2.0,3,1.0,0,0,1,3.44,3691380.0
1544.0,Civil Lines,3,2.0,17,1.0,0,1,1,0.25,15706524.0
957.0,Mumfordganj,2,1.0,34,0.0,0,0,0,1.67,3928655.0
2169.0,Tagore Town,4,3.0,20,1.0,0,1,1,2.39,19154949.0
1295.0,George Town,2,2.0,18,0.0,0,0,1,1.64,13850876.0
1596.0,Dhoomanganj,3,3.0,16,0.0,0,0,0,2.65,6393242.0
1708.0,Stanley Road,4,2.0,4,0.0,1,1,1,0.72,16736082.0
628.0,Tagore Town,2,2.0,15,0.0,1,0,1,1.51,5292637.0
2096.0,Jhunsi,5,4.0,31,1.0,1,0,1,9.6,7236187.0
651.0,Ashok Nagar,1,1.0,14,0.0,0,0,1,2.47,4355583.0
1062.0,Colonelganj,2,2.0,3,1.0,0,0,0,1.77,7494146.0
1099.0,Daraganj,2,1.0,9,1.0,0,0,1,4.6,4739402.0
2762.0,Subedarganj,5,3.0,10,0.0,0,0,1,3.05,12580144.0
1366.0,Civil Lines,2,2.0,13,0.0,0,0,0,0.29,13316533.0
1631.0,Teliyarganj,4,3.0,7,0.0,1,0,1,4.15,9800639.0
2336.0,Civil Lines,4,3.0,12,1.0,1,1,0,0.35,26972013.0
1782.0,Muthiganj,4,3.0,25,0.0,1,0,1,2.34,7194564.0
870.0,Tagore Town,2,2.0,25,0.0,1,0,0,2.53,6700369.0
1270.0,Naini,3,2.0,11,0.0,0,1,0,6.82,6411352.0
1323.0,Phaphamau,3,2.0,10,0.0,0,0,0,9.0,7624214.0
670.0,Kydganj,1,1.0,17,0.0,1,0,1,2.07,3014153.0
790.0,Civil Lines,2,1.0,12,0.0,1,1,1,0.4,8880710.0
3253.0,Jhalwa,5,4.0,20,0.0,1,0,0,8.97,12052950.0
1398.0,Allahpur,2,1.0,30,1.0,1,0,0,2.37,7200564.0
1515.0,Phaphamau,2,1.0,19,0.0,0,0,1,9.64,7298056.0
1556.0,George Town,3,2.0,5,0.0,1,1,0,1.13,20555432.0
1849.0,Lukerganj,4,2.0,10,1.0,0,0,1,1.04,15507463.0
657.0,Dhoomanganj,1,1.0,13,1.0,1,0,1,3.0,3396444.0
696.0,Chowk,2,1.0,0,1.0,1,0,1,1.7,4683774.0
876.0,Phaphamau,1,1.0,26,1.0,0,0,1,9.23,4844408.0
773.0,Jhalwa,2,1.0,18,0.0,0,1,1,8.47,2826444.0
982.0,Dhoomanganj,2,1.0,6,1.0,0,0,1,2.92,4481188.0
743.0,Alopibagh,1,1.0,13,0.0,1,1,0,2.58,3221158.0
704.0,Naini,2,2.0,60,1.0,1,0,0,6.14,3213625.0
700.0,George Town,2,2.0,31,1.0,1,1,1,1.05,7906292.0
2671.0,Allahpur,6,4.0,43,1.0,1,0,0,3.24,13827049.0
1102.0,George Town,2,2.0,12,1.0,0,0,1,1.12,14155600.0
1565.0,Jhunsi,3,2.0,16,1.0,1,0,0,8.46,4972162.0
1850.0,Jhunsi,3,3.0,28,1.0,0,0,1,9.16,5745254.0
1140.0,Tagore Town,2,1.0,6,1.0,0,0,1,1.94,9545895.0
909.0,Alopibagh,2,1.0,7,1.0,0,0,0,2.14,4002625.0
1885.0,Lukerganj,5,4.0,15,1.0,1,1,1,2.14,14504267.0
1308.0,Jhalwa,3,3.0,22,1.0,0,0,1,8.54,5156302.0
1182.0,Tagore Town,2,1.0,25,1.0,0,1,1,2.14,9454229.0
720.0,Civil Lines,1,1.0,35,0.0,0,1,1,0.23,6071602.0
492.0,Stanley Road,1,2.0,13,1.0,0,0,1,0.41,4855174.0
1434.0,Civil Lines,4,3.0,25,1.0,0,0,0,0.75,13984721.0
907.0,Kydganj,2,2.0,7,0.0,0,0,1,2.12,4385437.0
488.0,Alopibagh,1,1.0,9,1.0,1,0,0,2.75,2623678.0
1024.0,Civil Lines,3,2.0,17,1.0,0,0,1,0.82,10399252.0
933.0,Phaphamau,3,3.0,20,0.0,0,0,0,9.4,5211784.0
693.0,Jhalwa,2,1.0,22,0.0,1,0,0,8.93,2839050.0
1675.0,Allahpur,3,2.0,5,1.0,0,0,1,3.02,10108122.0
1454.0,Jhalwa,3,2.0,6,0.0,0,0,0,8.87,5750724.0
1192.0,Subedarganj,2,1.0,8,1.0,0,0,1,2.89,6532393.0
1258.0,Colonelganj,3,2.0,23,0.0,0,0,1,0.91,6101629.0
1178.0,Mumfordganj,2,2.0,26,0.0,1,0,1,1.99,5778164.0
1721.0,Katra,4,3.0,13,1.0,1,0,0,0.88,11193748.0
1900.0,Mumfordganj,4,2.0,11,1.0,0,0,1,1.78,11296892.0
1352.0,Phaphamau,3,3.0,9,1.0,0,0,0,9.17,7360366.0
813.0,Katra,2,1.0,14,0.0,1,0,1,0.66,5131930.0
1225.0,Allahpur,4,3.0,16,0.0,0,1,0,1.66,7032365.0
560.0,Teliyarganj,1,2.0,3,0.0,1,0,0,4.44,3543073.0
815.0,Daraganj,1,1.0,38,0.0,1,0,1,4.28,3175659.0
1770.0,Naini,4,3.0,1,1.0,0,0,0,6.66,10235765.0
1088.0,Civil Lines,3,3.0,27,1.0,1,0,0,0.15,10967591.0
1034.0,Stanley Road,2,1.0,14,1.0,0,0,1,1.03,9586369.0
780.0,Alopibagh,1,1.0,11,1.0,1,0,1,3.39,3710401.0
1502.0,Chowk,3,2.0,17,1.0,0,1,0,1.73,8334079.0
1132.0,George Town,2,1.0,7,1.0,0,0,1,1.16,11306753.0
1864.0,George Town,5,4.0,7,0.0,1,1,0,1.13,22471387.0
972.0,Phaphamau,2,2.0,4,1.0,0,0,0,10.45,6516506.0
1098.0,Civil Lines,2,2.0,6,1.0,0,1,0,0.3,12375535.0
1178.0,Katra,2,2.0,11,1.0,1,0,0,1.32,7233633.0
1524.0,George Town,3,3.0,13,0.0,0,1,1,2.01,16166920.0
698.0,Sulem Sarai,2,1.0,22,1.0,0,0,1,6.46,4360508.0
3017.0,Mumfordganj,6,4.0,8,1.0,1,0,0,1.96,19988525.0
1239.0,Muthiganj,3,3.0,14,1.0,0,0,1,1.65,5257633.0
757.0,Alopibagh,1,1.0,1,1.0,1,0,0,3.26,3713046.0
1088.0,Naini,1,1.0,7,1.0,0,0,0,6.45,5667660.0
729.0,Phaphamau,2,2.0,23,0.0,0,1,1,9.54,3489861.0
728.0,Jhunsi,2,2.0,20,0.0,0,0,1,9.11,2227787.0
858.0,George Town,1,1.0,8,1.0,1,0,1,0.9,9697546.0
714.0,Mumfordganj,1,1.0,9,1.0,0,0,0,1.69,4690583.0
2101.0,Sulem Sarai,5,4.0,11,1.0,0,0,0,6.53,15156566.0
1263.0,Chowk,3,2.0,11,1.0,0,0,1,2.0,7378729.0
886.0,Mumfordganj,2,1.0,7,1.0,1,0,0,1.64,5647269.0
1214.0,Teliyarganj,3,2.0,19,0.0,0,0,0,3.29,6175267.0
1258.0,Stanley Road,3,3.0,10,1.0,0,0,1,1.14,10874333.0
778.0,Allahpur,2,1.0,13,0.0,0,0,0,2.78,4002324.0
1273.0,Allahpur,3,2.0,31,1.0,1,0,1,3.21,6563707.0
973.0,Phaphamau,3,1.0,15,0.0,0,0,1,9.67,4892021.0
1418.0,Tagore Town,2,2.0,13,1.0,0,0,1,1.88,10496037.0
812.0,Civil Lines,1,1.0,44,0.0,1,1,1,0.61,7269734.0
653.0,Allahpur,1,1.0,8,1.0,0,0,0,3.14,4361622.0
831.0,Tagore Town,1,1.0,9,1.0,0,0,1,2.26,6843233.0
1122.0,Alopibagh,3,3.0,18,1.0,0,0,1,2.9,5092816.0
1255.0,Lukerganj,3,2.0,4,1.0,0,1,0,2.02,11924579.0
967.0,Naini,2,1.0,3,1.0,0,1,0,6.62,5495254.0
1419.0,Sulem Sarai,3,2.0,5,1.0,1,1,0,7.19,10143798.0
1783.0,Jhunsi,4,3.0,10,1.0,1,0,1,8.65,6669480.0
1489.0,Lukerganj,4,4.0,35,0.0,0,0,0,1.99,10087059.0
2840.0,George Town,6,4.0,16,1.0,1,1,1,1.54,28193786.25
1737.0,Kydganj,4,3.0,8,1.0,1,0,1,2.37,8621602.0
839.0,Jhunsi,1,2.0,9,1.0,0,0,0,8.73,3169428.0
1526.0,Civil Lines,3,2.0,26,1.0,0,0,1,0.33,13067418.0
1430.0,Naini,4,3.0,1,1.0,0,0,1,6.47,7781636.0
1154.0,Allahpur,1,1.0,15,0.0,0,1,0,2.85,6191361.0
1357.0,Naini,4,3.0,10,0.0,0,0,0,6.45,6913872.0
2743.0,Stanley Road,6,4.0,22,1.0,0,0,0,0.5,23888486.0
1907.0,Chowk,5,4.0,28,1.0,1,1,1,1.51,10547514.0
861.0,Katra,1,1.0,8,1.0,0,1,1,0.91,6016619.0
1168.0,Tagore Town,2,2.0,12,0.0,0,1,0,2.07,9739768.0
3774.75,Naini,6,4.0,18,0.0,0,0,0,6.46,23296272.0
778.0,Stanley Road,1,1.0,9,1.0,0,0,1,0.15,7097641.0
1032.0,Dhoomanganj,1,1.0,19,0.0,0,0,1,3.46,4586261.0
1448.0,Phaphamau,3,2.0,8,1.0,0,0,1,10.36,8505460.0
1542.0,Jhalwa,2,1.0,5,1.0,0,0,1,8.98,6680814.0
1949.0,Daraganj,6,4.0,8,1.0,0,0,1,4.23,10971271.0
1443.0,Stanley Road,4,3.0,19,1.0,0,1,1,0.61,12634446.0
892.0,Kydganj,2,2.0,12,0.0,0,0,1,2.25,3920816.0
1255.0,Phaphamau,3,2.0,5,0.0,0,0,1,9.0,7824386.0
889.0,George Town,2,2.0,26,1.0,0,0,0,0.81,7970233.0
1518.0,Allahpur,4,3.0,10,1.0,0,0,0,2.8,8833289.0
1149.0,Tagore Town,2,2.0,13,1.0,0,0,0,2.32,9719118.0
1245.5,Jhalwa,4,2.0,5,1.0,0,0,0,8.93,8648803.0
1422.0,Jhalwa,2,1.0,10,1.0,0,0,0,8.81,6806304.0
667.0,Civil Lines,1,2.0,15,0.0,0,0,0,0.11,5320136.0
829.0,Sulem Sarai,3,3.0,2,1.0,0,0,0,7.47,7202308.0
881.0,Naini,2,2.0,13,1.0,1,0,0,6.86,4484546.0
2472.0,Katra,5,4.0,21,1.0,0,0,1,2.21,14755883.0
1577.0,Teliyarganj,3,1.0,26,0.0,1,0,0,4.33,7810081.0
1590.0,Jhunsi,5,3.0,7,0.0,1,0,0,9.03,6016156.0
2765.0,Naini,6,4.0,7,1.0,0,1,0,6.26,14436286.0
1275.0,Civil Lines,3,3.0,25,0.0,0,0,0,0.25,11441344.0
992.0,Bamrauli,1,2.0,7,1.0,1,0,1,6.7,3721336.0
1299.0,Jhalwa,2,1.0,2,1.0,0,0,1,8.69,6131211.0
876.0,Dhoomanganj,1,1.0,5,1.0,0,0,1,3.22,5190277.0
1152.0,Subedarganj,3,3.0,9,0.0,0,0,1,2.36,5128787.0
904.0,Civil Lines,2,2.0,6,0.0,0,1,1,0.15,9379945.0
712.0,Civil Lines,1,2.0,2,1.0,0,0,0,0.38,7996784.0
1597.0,Phaphamau,3,2.0,21,1.0,1,1,1,9.18,9557433.0
1152.0,Mumfordganj,3,2.0,13,0.0,1,1,1,1.59,6552439.0
1562.0,Chowk,3,2.0,4,0.0,1,0,1,2.13,8450409.0
1698.0,Colonelganj,3,3.0,8,1.0,0,0,0,1.02,12676033.0
826.0,Tagore Town,2,2.0,4,0.0,0,0,0,2.01,7934258.0
925.0,Colonelganj,1,1.0,30,0.0,0,0,1,0.93,4611398.0
1013.0,Naini,2,1.0,19,0.0,0,1,0,5.65,4480930.0
1628.0,Sulem Sarai,3,3.0,25,1.0,1,0,0,7.29,11157349.0
1375.0,Teliyarganj,3,3.0,12,0.0,1,0,1,4.03,8665058.0
579.0,Subedarganj,1,1.0,3,1.0,0,1,1,3.15,3183843.0
578.0,Civil Lines,1,1.0,23,1.0,1,1,1,0.43,6766204.0
839.0,Tagore Town,2,1.0,11,0.0,0,0,1,2.1,6009568.0
1044.0,Katra,2,3.0,9,1.0,1,0,1,2.08,7532828.0
1355.0,Tagore Town,3,1.0,21,1.0,0,0,0,2.63,11546630.0
1010.0,Subedarganj,1,1.0,20,1.0,0,1,0,3.14,4911514.0
764.0,Naini,1,1.0,16,1.0,0,0,0,6.66,3761318.0
2880.0,Dhoomanganj,6,4.0,33,0.0,0,0,0,3.11,13258627.0
702.0,Dhoomanganj,1,2.0,17,0.0,0,0,0,3.27,3156620.0
724.0,George Town,1,2.0,9,0.0,0,0,0,1.1,6510669.0
1087.0,Chowk,3,2.0,8,1.0,0,0,0,1.57,5639375.0
818.0,Bamrauli,1,1.0,6,0.0,0,0,0,6.7,2840933.0
2004.0,Allahpur,4,2.0,7,0.0,0,0,0,2.93,12125431.0
1326.0,Bamrauli,3,2.0,14,0.0,0,0,0,6.81,4831038.0
1939.0,Naini,3,3.0,5,1.0,0,0,0,6.48,11620085.0
2410.0,Chowk,6,4.0,11,1.0,1,0,1,1.54,15067047.0
1479.0,Bamrauli,3,3.0,13,0.0,0,1,0,7.44,5646488.0
2230.0,George Town,4,3.0,35,1.0,0,1,0,1.14,20916955.0
949.0,Jhalwa,2,1.0,7,1.0,0,0,0,8.17,4074287.0
2825.0,Teliyarganj,6,4.0,42,0.0,0,1,1,4.5,13634575.0
1817.0,Sulem Sarai,4,4.0,13,0.0,0,1,1,6.33,12334245.0
1766.0,Civil Lines,5,4.0,58,0.0,1,0,1,0.4,14244180.0
934.0,Bamrauli,1,1.0,7,1.0,0,0,0,7.69,3527296.0
846.0,Katra,2,2.0,9,1.0,0,0,1,0.94,6267314.0
2520.0,Alopibagh,6,4.0,29,0.0,0,1,1,2.91,9143375.0
547.0,Katra,1,1.0,8,0.0,1,0,0,1.54,3684225.0
1863.0,Daraganj,5,4.0,17,0.0,0,0,1,4.33,8207325.0
797.0,Civil Lines,2,2.0,10,1.0,0,1,0,0.44,8816933.0
1495.0,Tagore Town,2,1.0,11,1.0,0,0,1,2.23,12101809.0
1201.0,George Town,1,1.0,26,0.0,0,0,1,1.94,10498127.0
704.0,Daraganj,2,2.0,30,1.0,0,0,1,3.64,3287558.0
1053.0,Ashok Nagar,3,2.0,9,0.0,0,1,1,2.51,7663595.0
1249.0,Chowk,2,1.0,8,1.0,0,1,1,1.29,7333144.0
899.0,Civil Lines,2,2.0,13,1.0,0,0,0,0.1,8205487.0
919.0,Jhalwa,3,2.0,12,0.0,0,0,1,8.88,3752262.0
1141.0,Subedarganj,1,1.0,6,0.0,0,0,1,2.95,5710238.0
1144.0,Daraganj,3,2.0,26,0.0,1,0,0,4.58,5414750.0
1899.0,Jhunsi,4,3.0,14,0.0,0,0,1,9.54,6574967.0
802.0,Lukerganj,1,1.0,14,0.0,0,0,0,1.51,4913471.0
891.0,Sulem Sarai,2,1.0,12,0.0,1,1,0,6.47,7076407.0
2299.0,Chowk,3,2.0,7,1.0,1,0,0,1.62,12638563.0
991.0,Phaphamau,2,2.0,13,1.0,1,0,0,9.6,5772858.0
1425.0,Naini,2,1.0,3,0.0,0,0,0,6.42,8493178.0
703.0,Phaphamau,2,2.0,14,0.0,0,0,1,9.42,3848223.0
593.0,Katra,1,1.0,14,0.0,0,1,0,1.42,3116317.0
1237.0,Tagore Town,3,1.0,6,1.0,0,1,0,2.75,11881160.0
697.0,Lukerganj,1,1.0,5,1.0,0,1,1,1.91,5673471.0
1515.0,Mumfordganj,3,2.0,34,0.0,1,1,1,2.35,8502005.0
1268.0,Ashok Nagar,3,2.0,36,1.0,1,0,1,1.94,8856672.0
1634.0,Civil Lines,4,3.0,14,1.0,1,1,0,0.55,17580126.0
1292.0,Dhoomanganj,2,3.0,11,1.0,0,0,1,3.25,6389149.0
1789.0,Alopibagh,4,2.0,15,1.0,1,0,1,2.76,8377043.0
843.0,Naini,1,1.0,13,1.0,1,0,1,6.25,4448311.0
1180.0,Kydganj,2,1.0,45,1.0,1,0,0,0.94,4163839.0
892.0,Bamrauli,2,1.0,16,1.0,0,0,1,7.26,3317194.0
1129.0,Dhoomanganj,3,3.0,16,1.0,1,0,1,3.03,5546637.0
1355.0,Naini,3,2.0,17,1.0,1,0,1,6.39,7250170.0
1575.0,Bamrauli,3,3.0,11,0.0,1,0,0,6.97,5984249.0
733.0,Mumfordganj,1,1.0,15,0.0,1,1,0,1.75,4405569.0
1393.0,Stanley Road,3,3.0,31,1.0,1,1,0,0.89,13896767.0
561.0,Ashok Nagar,1,1.0,10,1.0,0,0,1,2.09,3689477.0
2065.0,Daraganj,3,3.0,2,1.0,0,1,0,5.16,12051956.0
1175.0,Stanley Road,4,3.0,17,0.0,0,1,0,0.29,11032359.0
949.0,Sulem Sarai,2,2.0,9,0.0,1,0,0,6.29,6088394.0
671.0,Mumfordganj,1,1.0,7,1.0,1,0,1,2.08,4283794.0
757.0,Sulem Sarai,1,1.0,13,1.0,1,1,0,6.82,5760765.0
1774.0,Phaphamau,3,2.0,10,0.0,1,0,1,9.92,9465398.0
1085.0,Ashok Nagar,4,4.0,21,1.0,0,0,1,2.33,7711140.0
1510.0,Jhalwa,3,3.0,8,0.0,0,1,0,8.84,6445358.0
912.0,Civil Lines,1,1.0,4,1.0,1,0,1,0.84,11340463.0
1218.0,Allahpur,3,3.0,12,1.0,0,1,0,3.13,7359745.0
582.0,Allahpur,1,1.0,5,0.0,1,0,0,3.15,3853919.0
1602.0,Dhoomanganj,3,2.0,6,1.0,0,0,1,3.4,7884238.0
2377.0,Muthiganj,5,4.0,26,0.0,0,0,1,2.32,8762021.0
1227.0,Alopibagh,3,2.0,6,0.0,0,0,1,2.97,5815227.0
2297.0,Kydganj,5,4.0,6,0.0,0,0,1,1.55,11586708.0
1803.0,Subedarganj,4,3.0,6,0.0,1,0,0,3.43,9938056.0
1553.0,Bamrauli,2,1.0,5,1.0,1,0,1,7.05,7156740.0
1885.0,George Town,5,4.0,4,0.0,1,1,1,1.69,24435114.0
762.0,Daraganj,2,2.0,5,1.0,0,1,1,4.27,4375904.0
639.0,Chowk,2,2.0,12,1.0,0,0,0,1.38,3507837.0
1008.0,Stanley Road,1,1.0,42,0.0,1,1,0,0.94,7384222.0
1245.5,Allahpur,1,2.0,8,1.0,1,0,0,3.61,4752481.0
1150.0,Naini,3,2.0,14,1.0,0,0,1,5.91,5861352.0
1015.0,Mumfordganj,1,1.0,26,0.0,1,1,0,1.69,5776636.0
1286.0,Naini,3,2.0,3,1.0,0,1,1,6.59,8512464.0
707.0,Dhoomanganj,1,1.0,18,1.0,0,1,0,2.84,3508916.0
730.0,Jhalwa,2,2.0,27,0.0,0,0,0,8.69,2447435.0
1203.0,Jhalwa,3,2.0,3,1.0,0,0,0,9.21,4618321.0
1678.0,Civil Lines,4,3.0,12,1.0,1,1,0,0.62,18959068.0
970.0,George Town,3,2.0,9,0.0,1,1,1,1.34,12126818.0
2478.0,Tagore Town,6,4.0,2,1.0,1,0,1,2.41,28193786.25
968.0,Kydganj,3,2.0,15,1.0,0,0,0,1.47,4474061.0
848.0,Katra,2,1.0,8,0.0,0,0,1,0.99,5729681.0
1109.0,Phaphamau,2,1.0,5,1.0,0,0,0,9.66,7286871.0
1438.0,Kydganj,3,2.0,6,0.0,1,0,0,2.03,6670198.0
1414.0,Lukerganj,3,2.0,11,1.0,1,0,0,1.61,10500222.0
1422.0,Daraganj,3,2.0,4,1.0,1,0,1,4.6,8314816.0
1825.0,Teliyarganj,4,3.0,14,0.0,0,0,1,3.8,10258187.0
1404.0,Chowk,4,3.0,18,0.0,1,0,1,1.9,8258268.0
2717.0,Chowk,5,4.0,28,0.0,1,0,1,1.87,12289615.0
809.0,Tagore Town,2,1.0,20,0.0,0,0,1,2.16,6148893.0
3774.75,Stanley Road,3,1.0,20,0.0,0,0,1,1.46,12348919.0
1977.0,Subedarganj,5,4.0,10,1.0,0,0,1,2.81,10275632.0
876.0,Jhalwa,2,1.0,34,0.0,0,0,0,8.85,2472287.0
1335.0,Lukerganj,3,4.0,11,1.0,1,1,1,2.34,10500884.0
893.0,Colonelganj,1,1.0,14,1.0,0,0,1,1.17,5816696.0
1737.0,Jhalwa,4,3.0,33,1.0,0,0,0,8.56,6214634.0
1359.0,Ashok Nagar,3,2.0,12,0.0,0,0,0,2.1,9393708.0
1454.0,Teliyarganj,3,3.0,28,1.0,0,0,1,4.18,8718959.0
1839.0,Stanley Road,4,3.0,11,1.0,0,1,1,1.0,16199422.0
993.0,Dhoomanganj,2,3.0,6,1.0,1,0,0,2.78,4868499.0
866.0,Civil Lines,1,1.0,6,0.0,1,1,1,0.58,9525815.0
572.0,Phaphamau,1,1.0,8,0.0,1,1,1,9.39,4011724.0
777.0,Jhalwa,1,1.0,13,1.0,1,0,0,8.64,3332934.0
1949.0,Dhoomanganj,4,3.0,12,0.0,0,0,1,2.61,9359222.0
1186.0,George Town,3,2.0,8,0.0,0,1,1,1.79,15038171.0
804.0,Kydganj,1,1.0,17,1.0,0,0,0,0.94,3767803.0
1281.0,Allahpur,3,2.0,6,0.0,1,0,1,3.03,7561117.0
576.0,Chowk,1,1.0,5,1.0,1,0,0,2.17,3695665.0
1258.0,Stanley Road,3,4.0,22,0.0,0,0,1,1.09,11445179.0
788.0,Allahpur,1,1.0,19,0.0,1,0,0,2.9,4252549.0
915.0,Alopibagh,2,2.0,19,1.0,0,0,1,2.42,4044707.0
731.0,Stanley Road,1,1.0,16,1.0,0,0,1,0.53,6953832.0
1471.0,Dhoomanganj,3,2.0,18,1.0,1,1,1,2.75,7786786.0
1421.0,Jhalwa,4,2.0,5,1.0,0,0,0,8.54,6911395.0
791.0,Tagore Town,2,2.0,24,0.0,0,1,0,1.67,6846694.0
1784.0,Naini,5,4.0,16,1.0,0,0,0,7.03,8750532.0
1365.0,Subedarganj,3,3.0,5,1.0,0,1,0,3.01,6785571.0
1963.0,George Town,3,2.0,9,1.0,1,1,1,1.1,24703330.0
1901.0,Sulem Sarai,5,4.0,12,1.0,1,0,1,6.8,14553198.0
1187.0,Ashok Nagar,2,2.0,9,1.0,0,1,1,1.86,7789491.0
704.0,Naini,1,1.0,20,1.0,0,0,0,6.23,3284739.0
1413.0,Civil Lines,2,2.0,8,0.0,1,0,0,0.66,15071132.0
1292.0,Colonelganj,4,3.0,6,1.0,0,0,1,0.64,8441164.0
2979.0,George Town,6,4.0,13,1.0,0,0,1,1.73,28193786.25
1279.0,Ashok Nagar,3,3.0,18,1.0,1,0,0,2.01,8859347.0
716.0,Colonelganj,1,1.0,11,0.0,0,1,0,1.77,4154255.0
1539.0,Muthiganj,3,2.0,10,0.0,1,1,1,2.51,6646584.0
1485.0,Colonelganj,4,4.0,4,1.0,1,1,1,1.51,11975270.0
1318.0,Tagore Town,2,2.0,14,0.0,1,0,0,1.92,11422024.0
593.0,Jhunsi,1,1.0,17,1.0,1,0,0,8.1,2135891.0
794.0,Allahpur,2,2.0,18,0.0,1,0,0,3.02,4561424.0
1544.0,Katra,2,2.0,4,1.0,1,1,1,0.95,10145047.0
1274.0,Jhunsi,3,1.0,14,0.0,0,0,0,9.21,4115760.0
2356.0,Katra,5,3.0,11,1.0,0,0,1,1.06,15623788.0
1942.0,Alopibagh,4,3.0,13,1.0,1,0,1,3.01,9744846.0
1610.0,Jhunsi,3,2.0,20,1.0,0,0,1,9.37,5418799.0
992.0,Colonelganj,1,1.0,19,0.0,1,0,1,1.65,6243062.0
1387.0,Ashok Nagar,3,2.0,18,0.0,1,0,1,1.87,8443821.0
2320.0,Ashok Nagar,5,4.0,10,1.0,1,0,1,2.97,18844943.0
1819.0,Allahpur,4,3.0,21,0.0,1,1,1,3.17,11466914.0
1428.0,Subedarganj,3,2.0,26,0.0,0,0,0,3.57,5747246.0
1241.0,Ashok Nagar,2,2.0,8,1.0,0,0,1,1.81,8771196.0
1218.0,Phaphamau,3,2.0,12,0.0,0,1,0,9.32,7434436.0
884.0,Kydganj,1,1.0,3,0.0,0,0,0,1.06,4647998.0
540.0,Sulem Sarai,1,2.0,21,0.0,0,1,1,7.07,3773903.0
1366.0,Sulem Sarai,3,2.0,7,1.0,0,1,0,6.38,9766167.0
862.0,Dhoomanganj,1,2.0,18,1.0,0,0,1,3.35,4131787.0
657.0,Katra,1,1.0,7,0.0,1,0,0,1.29,4045683.0
841.0,Jhalwa,1,1.0,9,0.0,0,0,0,8.4,2941361.0
1061.0,Chowk,3,1.0,44,1.0,1,0,0,1.67,4966874.0
909.0,Ashok Nagar,2,1.0,5,0.0,0,0,1,2.11,6828648.0
1485.0,Sulem Sarai,3,1.0,3,1.0,0,0,1,6.69,11154924.0
1455.0,Civil Lines,4,3.0,57,0.0,0,1,0,0.65,11299673.0
1549.0,Phaphamau,3,3.0,6,1.0,1,0,1,9.38,9534572.0
1709.0,Kydganj,4,3.0,1,0.0,1,0,1,1.45,8280637.0
1472.0,Katra,3,3.0,7,1.0,0,0,1,0.96,9734759.0
1245.5,Teliyarganj,4,2.0,11,1.0,0,0,1,3.47,10309712.0
1397.0,Dhoomanganj,2,1.0,8,0.0,0,0,1,3.07,5829077.0
897.0,Dhoomanganj,3,3.0,1,0.0,0,0,1,2.68,5453520.0
1397.0,Muthiganj,3,3.0,39,1.0,0,1,0,1.91,5017720.0
2923.0,Sulem Sarai,6,4.0,12,0.0,0,0,0,6.33,20078792.0
2718.0,Lukerganj,6,4.0,4,0.0,1,0,1,1.72,24044543.0
881.0,Mumfordganj,2,1.0,22,0.0,0,0,1,1.48,4623575.0
1117.0,Ashok Nagar,3,2.0,4,1.0,0,0,1,2.3,8285175.0
1252.0,George Town,1,1.0,51,1.0,0,0,0,1.08,10202589.0
1701.0,Jhalwa,4,3.0,7,0.0,0,0,0,8.84,6801832.0
1468.0,Mumfordganj,2,2.0,15,0.0,1,1,0,2.08,8987009.0
1105.0,Muthiganj,2,2.0,26,0.0,1,0,1,1.87,4139908.0
1173.0,Civil Lines,3,3.0,26,1.0,0,0,1,0.83,10950908.0
1103.0,Sulem Sarai,3,3.0,9,0.0,0,1,1,6.3,7694210.0
1692.0,Kydganj,3,3.0,14,1.0,0,0,1,1.99,7997406.0
1361.0,George Town,3,1.0,17,0.0,1,0,0,0.81,14582800.0
772.0,Sulem Sarai,2,1.0,9,1.0,1,0,0,7.47,5285244.0
746.0,Sulem Sarai,1,1.0,9,1.0,0,0,1,6.62,5422633.0
1124.0,Civil Lines,1,2.0,26,0.0,0,0,0,0.72,8570956.0
1646.0,Jhalwa,3,3.0,38,1.0,0,1,1,8.46,5238911.0
1543.0,Allahpur,3,1.0,9,1.0,0,0,0,2.76,9395459.0
1368.0,Bamrauli,3,2.0,7,1.0,0,0,0,6.74,5532828.0
827.0,Naini,1,1.0,27,0.0,0,0,0,6.28,3190815.0
2839.0,Bamrauli,6,4.0,3,0.0,0,0,1,7.26,13545227.0
1969.0,Naini,4,4.0,22,0.0,0,1,1,6.84,9958888.0
1124.0,Phaphamau,2,1.0,4,0.0,0,0,1,9.48,6698433.0
1092.0,Lukerganj,2,1.0,18,1.0,1,0,0,1.49,7876987.0
663.0,Dhoomanganj,1,1.0,2,1.0,1,0,0,3.03,3663994.0
593.0,Daraganj,1,1.0,5,1.0,0,0,0,4.11,3366531.0
955.0,Chowk,2,3.0,6,1.0,1,0,1,1.44,6114885.0
1406.0,Jhalwa,2,1.0,11,1.0,0,0,1,8.68,6109166.0
1169.0,Jhalwa,2,2.0,49,1.0,0,1,1,8.49,3961075.0
884.0,Katra,2,1.0,9,0.0,1,0,0,1.26,5841093.0
980.0,Muthiganj,2,2.0,2,1.0,0,0,0,2.46,4882874.0
1552.0,Teliyarganj,4,3.0,15,1.0,0,0,1,3.69,9145227.0
1000.0,Kydganj,2,1.0,7,0.0,1,0,1,1.94,4964105.0
3774.75,Tagore Town,6,4.0,23,0.0,0,0,1,1.53,28193786.25
1419.0,George Town,3,3.0,12,1.0,1,1,0,2.07,17556567.0
1800.0,Ashok Nagar,4,4.0,13,0.0,0,1,1,1.94,12677341.0
2380.0,Stanley Road,4,3.0,10,0.0,1,1,0,1.26,25267221.0
1345.0,Chowk,2,2.0,7,0.0,0,0,0,0.95,6291531.0
574.0,George Town,2,2.0,10,1.0,0,1,0,1.07,7140644.0
1070.0,Jhunsi,4,4.0,6,1.0,1,1,0,8.41,5034844.0
951.0,Allahpur,2,1.0,2,0.0,1,0,0,3.16,6797237.0
1079.0,Teliyarganj,2,1.0,15,1.0,0,0,1,4.38,7536170.0
1732.0,Mumfordganj,3,2.0,14,0.0,0,1,1,1.47,10429912.0
1810.0,Stanley Road,4,2.0,16,0.0,1,0,1,0.94,17846183.0
1543.0,Naini,3,2.0,10,1.0,0,0,1,6.14,8129797.0
881.0,Mumfordganj,1,1.0,19,0.0,0,0,1,1.67,4648791.0
1203.0,Naini,3,1.0,5,1.0,1,0,0,6.09,6724111.0
948.0,Civil Lines,2,1.0,29,1.0,0,1,0,0.36,8397474.0
896.0,Teliyarganj,3,3.0,9,1.0,0,0,0,4.37,5558639.0
2187.0,Lukerganj,5,3.0,13,0.0,0,1,1,1.55,17647128.0
1960.0,Teliyarganj,4,2.0,4,0.0,0,0,1,3.82,13151349.0
828.0,Katra,1,1.0,12,1.0,1,1,1,1.71,5668296.0
1341.0,Sulem Sarai,4,4.0,8,0.0,0,1,0,6.29,8888939.0
1612.0,George Town,3,2.0,5,0.0,1,0,0,1.26,16382794.0
1360.0,Mumfordganj,2,1.0,12,0.0,0,1,1,1.33,7350231.0
1762.0,Naini,4,4.0,17,1.0,0,0,1,6.78,9690845.0
1585.0,Dhoomanganj,3,3.0,15,1.0,0,0,1,2.58,7372742.0
1975.0,Mumfordganj,3,3.0,17,0.0,0,0,1,2.17,10757888.0
879.0,George Town,1,1.0,3,0.0,0,1,0,1.54,10433661.0
2910.0,Naini,6,4.0,16,0.0,1,1,1,6.82,17724364.0
1795.0,Naini,3,2.0,8,1.0,0,1,1,6.69,10008739.0
1051.0,Allahpur,2,2.0,19,1.0,1,0,0,3.46,6329400.0
1620.0,Bamrauli,4,3.0,17,1.0,0,0,0,6.44,6898879.0
1960.0,Civil Lines,5,3.0,9,0.0,0,1,1,0.31,21120115.0
690.0,Allahpur,1,1.0,20,1.0,0,0,0,3.45,3600858.0
522.0,Tagore Town,2,1.0,40,0.0,0,0,1,2.92,3127176.0
2342.0,Allahpur,5,4.0,7,1.0,0,0,0,2.99,18088070.0
2055.0,Subedarganj,5,3.0,15,1.0,0,1,0,3.54,9963337.0
1449.0,Jhunsi,2,1.0,11,1.0,1,0,1,9.21,5355272.0
1701.0,Subedarganj,4,4.0,6,0.0,0,0,0,3.31,8286314.0
1623.0,Allahpur,3,2.0,8,1.0,1,0,1,2.82,11321838.0
1473.0,George Town,3,2.0,15,1.0,1,1,1,1.46,16639483.0
1173.0,Alopibagh,2,1.0,18,0.0,1,0,0,2.65,4620867.0
520.0,Phaphamau,1,1.0,39,0.0,0,1,0,9.29,2632610.0
920.0,Tagore Town,1,1.0,21,1.0,1,1,0,3.2,8611216.0
927.0,Phaphamau,2,1.0,14,0.0,0,1,0,10.06,5126586.0
1537.0,Jhalwa,3,3.0,7,1.0,1,0,1,8.85,6262204.0
904.0,Phaphamau,3,1.0,7,1.0,0,1,1,9.69,5762791.0
830.0,Civil Lines,2,2.0,6,1.0,0,1,1,0.12,9581994.0
1613.0,Mumfordganj,3,2.0,40,0.0,0,0,1,1.2,7204285.0
812.0,Jhalwa,2,1.0,2,0.0,0,0,0,8.55,3500662.0
1792.0,Stanley Road,5,3.0,7,0.0,0,1,0,1.06,18749432.0
1448.0,Ashok Nagar,3,2.0,8,0.0,1,0,0,2.0,11893762.0
863.0,Naini,2,2.0,18,1.0,1,0,1,6.13,4492536.0
864.0,Chowk,2,2.0,34,1.0,0,0,1,1.6,3483017.0
791.0,Alopibagh,2,2.0,37,1.0,0,0,0,2.71,2715375.0
957.0,Muthiganj,2,3.0,21,1.0,1,0,0,2.75,4230046.0
1349.0,Lukerganj,2,1.0,3,0.0,0,0,1,1.99,12149845.0
1035.0,Subedarganj,3,3.0,16,0.0,1,0,1,2.97,4723073.0
1518.0,Naini,2,1.0,20,1.0,0,1,0,6.65,6316715.0
1555.0,Phaphamau,3,3.0,7,1.0,0,1,0,9.7,9359212.0
1098.0,Naini,2,1.0,2,0.0,0,0,1,6.32,5818733.0
1645.0,Naini,4,3.0,12,1.0,1,0,0,5.97,8018666.0
1602.0,Phaphamau,3,2.0,9,0.0,1,0,1,10.04,10199535.0
2301.0,Dhoomanganj,4,2.0,17,0.0,0,0,1,2.81,10980189.0
2586.0,Allahpur,6,3.0,4,0.0,1,0,1,3.35,16171268.0
1785.0,Civil Lines,4,3.0,4,1.0,1,1,1,0.11,22358938.0
875.0,Bamrauli,2,1.0,1,1.0,0,0,1,6.48,4096087.0
2110.0,George Town,4,2.0,11,0.0,1,0,1,1.26,24303755.0
1063.0,Teliyarganj,1,1.0,6,1.0,0,1,0,3.71,7808025.0
781.0,Phaphamau,1,1.0,9,1.0,1,1,0,9.24,4834138.0
1157.0,Phaphamau,3,3.0,16,1.0,1,1,0,9.48,7669262.0
3774.75,Phaphamau,6,4.0,17,1.0,0,0,0,10.19,23409896.0
1229.0,Naini,2,2.0,10,1.0,0,0,1,6.28,6966097.0
832.0,Mumfordganj,1,1.0,4,1.0,0,0,0,2.02,5451895.0
2100.0,Mumfordganj,5,4.0,5,1.0,1,0,0,2.45,14527685.0
1318.0,Chowk,3,3.0,22,1.0,0,0,1,1.77,6925334.0
2557.0,Tagore Town,5,4.0,14,1.0,1,0,1,2.17,21470486.0
761.0,Mumfordganj,3,1.0,17,1.0,1,1,1,2.05,4942232.0
950.0,Allahpur,2,1.0,2,1.0,0,0,1,3.24,5863312.0
839.0,Allahpur,2,1.0,12,1.0,0,0,1,2.4,5697246.0
796.0,Katra,1,1.0,46,0.0,1,0,0,0.81,3827793.0
770.0,Jhalwa,1,1.0,32,0.0,0,0,1,9.1,2118998.0
1000.0,Daraganj,3,2.0,7,1.0,0,0,0,4.22,5316174.0
1341.0,Colonelganj,2,2.0,13,0.0,0,1,0,1.1,8298051.0
922.0,Daraganj,2,2.0,44,1.0,0,0,1,3.81,3209501.0
826.0,Jhalwa,2,2.0,16,1.0,0,0,1,8.57,3473040.0
1286.0,Subedarganj,3,2.0,10,1.0,0,0,1,4.13,5609555.0
1060.0,Dhoomanganj,2,1.0,22,0.0,1,0,1,3.35,5398359.0
3166.0,Alopibagh,6,4.0,8,0.0,0,0,1,3.03,13354935.0
1102.0,Phaphamau,2,1.0,12,1.0,0,0,1,9.94,6748075.0
945.0,Jhunsi,1,1.0,18,1.0,1,0,0,9.37,3009870.0
492.0,Mumfordganj,1,1.0,6,1.0,1,0,0,1.79,3378433.0
3774.75,Jhunsi,6,4.0,10,0.0,1,0,1,8.48,14117186.0
648.0,Lukerganj,1,1.0,6,1.0,0,1,0,1.65,5471741.0
648.0,Stanley Road,1,1.0,29,1.0,1,1,1,0.76,6079266.0
1413.0,Alopibagh,4,2.0,8,1.0,0,0,0,3.42,6116733.0
1678.0,Naini,4,2.0,3,1.0,1,1,0,6.21,10814120.0
1214.0,Lukerganj,3,3.0,19,1.0,0,0,0,1.24,8856251.0
1034.0,Alopibagh,2,2.0,14,1.0,1,0,1,2.3,4664441.0
1818.0,George Town,3,3.0,8,0.0,0,0,0,1.53,18169358.0
687.0,Jhalwa,1,1.0,8,1.0,0,0,0,8.56,2765738.0
917.0,Jhunsi,2,1.0,17,0.0,1,0,0,8.1,2779876.0
1140.0,Kydganj,2,1.0,5,1.0,0,1,0,1.67,6704796.0
1000.0,Subedarganj,2,2.0,6,0.0,0,0,0,3.16,4739786.0
1688.0,Allahpur,3,2.0,16,0.0,0,1,1,3.21,10271498.0
695.0,Ashok Nagar,2,2.0,8,0.0,1,0,1,2.75,5168100.0
1179.0,Kydganj,3,3.0,12,1.0,0,1,1,1.76,6328140.0
1217.0,Daraganj,3,2.0,6,1.0,0,0,1,4.31,6714519.0
1931.0,Lukerganj,5,3.0,10,1.0,1,0,1,2.0,15397776.0
1365.0,Dhoomanganj,4,4.0,29,1.0,1,0,0,3.05,6025536.0
744.0,Ashok Nagar,1,1.0,9,0.0,0,1,1,2.18,4976055.0
1423.0,Dhoomanganj,3,2.0,28,1.0,0,0,1,2.84,5473195.0
1676.0,Lukerganj,3,3.0,14,1.0,0,1,1,2.18,12711749.0
1208.0,Jhunsi,2,2.0,5,1.0,0,0,1,8.73,5263492.0
1126.0,Jhalwa,2,1.0,2,0.0,1,0,1,8.23,5173023.0
741.0,Sulem Sarai,3,3.0,12,1.0,0,1,1,6.19,5862348.0
2087.0,Ashok Nagar,4,4.0,60,1.0,0,0,1,2.01,10306641.0
558.0,Jhunsi,1,1.0,17,1.0,0,0,1,8.74,1913127.0
942.0,Civil Lines,1,1.0,12,1.0,0,0,1,0.84,10108419.0
1358.0,Allahpur,3,2.0,9,1.0,0,1,0,3.02,7819509.0
1822.0,Phaphamau,4,1.0,15,1.0,0,0,1,9.57,10772769.0
1449.0,Civil Lines,4,3.0,2,0.0,0,1,1,0.1,15315277.0
1530.0,Kydganj,4,3.0,3,0.0,0,0,1,1.53,7614635.0
1665.0,George Town,3,3.0,7,0.0,1,1,0,0.95,20232352.0
2682.0,Muthiganj,5,4.0,13,1.0,1,0,0,1.6,10891464.0
1577.0,Mumfordganj,2,1.0,14,1.0,0,0,1,1.16,9368039.0
2026.0,Tagore Town,4,4.0,57,0.0,1,0,0,2.16,13126381.0
1510.0,Mumfordganj,2,2.0,4,1.0,0,1,1,1.58,10092898.0
1664.0,Stanley Road,5,3.0,28,1.0,0,0,1,0.52,15001369.0
1274.0,Dhoomanganj,3,2.0,28,0.0,1,0,0,2.8,5213520.0
1247.0,Colonelganj,2,1.0,1,1.0,0,1,0,0.08,8749992.0
2195.0,Bamrauli,5,2.0,6,1.0,0,0,1,7.3,9256717.0
770.0,Kydganj,2,1.0,5,1.0,0,1,1,1.57,3770806.0
985.0,Sulem Sarai,2,2.0,32,1.0,0,0,0,6.84,5477126.0
1244.0,George Town,2,1.0,5,1.0,0,0,1,1.28,13381847.0
1743.0,Dhoomanganj,4,4.0,6,0.0,1,0,0,3.16,9280177.0
1187.0,Civil Lines,2,1.0,22,1.0,0,0,0,0.62,12411518.0
1296.0,Sulem Sarai,3,2.0,7,0.0,0,0,0,6.57,7996149.0
1478.0,Chowk,2,2.0,3,1.0,1,0,1,1.6,9780186.0
2223.0,Naini,5,4.0,24,0.0,0,1,1,6.9,10929609.0
719.0,Lukerganj,2,2.0,5,0.0,1,0,1,2.26,6065454.0
738.0,Ashok Nagar,2,1.0,5,1.0,1,0,1,2.16,5909762.0
1351.0,George Town,2,1.0,3,1.0,0,0,1,1.54,16462954.0
968.0,Civil Lines,2,2.0,15,1.0,1,0,1,0.22,9852336.0
2141.0,Lukerganj,6,4.0,6,1.0,1,0,0,1.62,18707825.0
1164.0,Tagore Town,3,2.0,9,1.0,1,0,1,2.62,11096767.0
968.0,Jhunsi,1,1.0,13,1.0,1,0,0,8.58,3030210.0
662.0,Allahpur,1,1.0,31,1.0,1,0,1,2.96,3979400.0
1267.0,Naini,3,2.0,2,0.0,1,1,1,6.89,7945049.0
1665.0,Subedarganj,3,2.0,13,0.0,1,0,1,2.5,7473508.0
2325.0,Katra,6,4.0,6,0.0,0,1,1,1.15,14964273.0
1459.0,Bamrauli,3,3.0,18,0.0,0,0,0,7.62,5554251.0
718.0,Sulem Sarai,1,2.0,28,1.0,1,0,1,6.72,4808790.0
1126.0,Kydganj,3,2.0,14,0.0,0,0,0,1.86,5135476.0
538.0,Jhunsi,2,1.0,12,0.0,0,0,1,8.18,1788167.0
1267.0,Jhalwa,2,2.0,33,1.0,0,0,1,8.82,4520952.0
1780.0,Dhoomanganj,5,4.0,17,1.0,0,0,1,3.3,8901721.0
984.0,Ashok Nagar,3,2.0,5,0.0,0,1,1,2.49,8012178.0
1627.0,Katra,3,2.0,7,1.0,1,1,1,1.58,11595411.0
2074.0,Stanley Road,4,3.0,8,1.0,1,1,0,0.48,24135922.0
700.0,George Town,1,1.0,17,0.0,0,1,0,2.09,7852986.0
1496.0,George Town,4,2.0,9,0.0,0,0,0,1.14,16856426.0
1439.0,Civil Lines,3,3.0,12,1.0,1,1,0,0.25,16910029.0
1098.0,Naini,2,2.0,23,0.0,0,1,1,6.66,5104798.0
948.0,Dhoomanganj,1,1.0,21,1.0,1,1,0,3.7,4401022.0
792.0,Civil Lines,2,1.0,11,1.0,0,0,1,0.63,8937537.0
1835.0,Allahpur,5,4.0,38,0.0,0,0,1,3.63,8606500.0
1238.0,Daraganj,1,1.0,13,1.0,0,0,0,4.91,5261984.0
1178.0,Naini,3,2.0,11,1.0,1,0,0,6.38,5333000.0
1014.0,Phaphamau,2,1.0,16,1.0,1,0,1,9.9,5748833.0
1378.0,Subedarganj,3,3.0,28,0.0,0,0,1,2.41,6035526.0
1985.0,Bamrauli,4,4.0,8,1.0,0,0,1,7.05,8507379.0
1032.0,Jhunsi,2,2.0,4,1.0,0,1,0,9.27,4356974.0
1600.0,Alopibagh,2,1.0,45,1.0,1,0,1,3.38,5479477.0
1424.0,Jhunsi,3,2.0,36,0.0,0,0,0,8.49,3988213.0
2774.0,Katra,5,3.0,40,1.0,0,0,1,1.18,14390538.0
1492.0,Sulem Sarai,3,2.0,4,1.0,0,0,1,6.57,11380059.0
2228.0,Civil Lines,5,4.0,24,1.0,1,0,1,0.86,21858157.0
1883.0,Dhoomanganj,5,3.0,10,1.0,0,0,1,2.77,9647456.0
1129.0,Naini,2,2.0,14,1.0,0,0,1,5.85,5253174.0
2314.0,Jhunsi,4,3.0,8,1.0,0,0,1,8.72,7577352.0
1426.0,Jhalwa,3,2.0,20,1.0,1,0,0,8.46,5518606.0
1161.0,Naini,3,2.0,10,0.0,0,0,0,6.08,5267551.0
1955.0,Jhalwa,5,4.0,3,1.0,0,1,1,9.38,9608725.0
1384.0,Sulem Sarai,2,1.0,20,0.0,0,0,1,6.96,7920881.0
1599.0,Muthiganj,3,3.0,19,1.0,1,0,0,2.13,6094962.0
1268.0,Daraganj,3,2.0,16,0.0,0,0,0,3.99,5865406.0
978.0,Ashok Nagar,3,2.0,18,1.0,0,0,0,1.58,6173243.0
1624.0,George Town,4,4.0,10,0.0,1,0,1,1.46,18058267.0
1062.0,Jhunsi,2,2.0,30,1.0,0,0,1,9.52,3524603.0
1245.5,Lukerganj,2,2.0,17,1.0,0,0,1,1.29,4232384.0
2209.0,Civil Lines,5,3.0,5,0.0,0,1,1,0.35,27964445.0
1337.0,Sulem Sarai,2,2.0,18,1.0,0,1,1,6.17,8071624.0
1534.0,Teliyarganj,3,2.0,7,1.0,1,0,1,4.59,10154099.0
682.0,Tagore Town,1,1.0,13,1.0,0,0,0,1.75,5439317.0
1379.0,Lukerganj,2,1.0,19,1.0,1,1,0,1.81,10920653.0
787.0,Civil Lines,2,2.0,5,1.0,0,1,1,0.68,9980127.0
983.0,Allahpur,3,2.0,34,1.0,1,0,1,2.59,5944733.0
520.0,Kydganj,2,1.0,10,1.0,1,0,1,2.62,2631477.0
834.0,Dhoomanganj,2,2.0,37,1.0,1,0,0,3.22,3409219.0
574.0,Jhalwa,1,2.0,41,0.0,1,0,1,9.1,1765795.0
1231.0,Tagore Town,3,1.0,2,1.0,1,1,0,2.36,12741852.0
847.0,George Town,1,1.0,36,1.0,1,0,1,1.71,7970457.0
1289.0,Tagore Town,2,1.0,10,0.0,1,0,1,1.59,10218017.0
2150.0,Sulem Sarai,4,4.0,17,0.0,0,1,1,6.77,13514283.0
951.0,Allahpur,3,2.0,2,1.0,1,0,1,3.35,6871885.0
568.0,George Town,1,1.0,17,1.0,0,1,0,1.55,7524406.0
980.0,Naini,3,2.0,12,1.0,0,0,0,6.29,5459461.0
1245.5,Alopibagh,2,2.0,5,1.0,0,1,1,2.42,5031980.0
513.0,Jhunsi,2,1.0,11,0.0,1,0,0,9.45,1640306.0
1090.0,Colonelganj,2,2.0,16,1.0,1,1,1,1.04,7777475.0
3005.0,Kydganj,6,4.0,29,0.0,0,0,1,1.65,13215188.0
1029.0,Katra,2,2.0,6,0.0,0,0,0,1.33,6124928.0
490.0,George Town,1,1.0,4,1.0,0,1,1,1.26,6747887.0
803.0,Teliyarganj,1,1.0,39,0.0,0,0,1,3.55,3625557.0
977.0,Colonelganj,3,2.0,34,1.0,1,0,1,1.18,5842925.0
649.0,Stanley Road,1,1.0,5,1.0,1,1,0,1.13,8301887.0
1082.0,Phaphamau,3,2.0,15,0.0,0,0,0,9.46,5922508.0
1336.0,Mumfordganj,3,2.0,12,0.0,0,0,1,2.11,7953286.0
823.0,Sulem Sarai,2,2.0,13,0.0,0,0,0,6.82,5065274.0
1157.0,Katra,3,3.0,5,0.0,0,0,1,1.04,8672834.0
1723.0,Jhunsi,4,4.0,15,1.0,1,0,1,8.04,6288709.0
1088.0,Tagore Town,2,3.0,10,0.0,0,1,1,2.53,9907169.0
667.0,Allahpur,1,1.0,10,1.0,0,0,1,3.15,4318048.0
1396.0,Teliyarganj,3,2.0,19,1.0,0,1,1,3.63,10242089.0
2344.0,Mumfordganj,5,4.0,19,1.0,0,1,1,1.54,14922069.0
1489.0,Allahpur,4,2.0,11,1.0,0,0,1,2.36,8091683.0
1864.0,Jhunsi,4,3.0,17,1.0,0,0,1,9.26,6634578.0
1132.0,Phaphamau,2,1.0,3,0.0,1,0,0,9.84,6476847.0
979.0,George Town,1,1.0,13,0.0,0,0,0,1.67,10618229.0
1971.0,Kydganj,5,4.0,13,1.0,0,0,1,1.96,9419019.0
1021.0,Lukerganj,2,1.0,25,1.0,0,1,0,1.97,7574476.0
1258.0,Civil Lines,2,2.0,5,1.0,1,0,1,0.18,15004436.0
2052.0,Dhoomanganj,5,4.0,14,1.0,0,0,1,2.71,9336982.0
1031.0,Tagore Town,1,1.0,5,1.0,1,1,0,2.16,10309111.0
750.0,Subedarganj,1,1.0,1,1.0,1,1,1,2.43,4843932.0
2463.0,Lukerganj,5,4.0,6,0.0,0,0,0,1.34,20725311.0
568.0,Sulem Sarai,1,1.0,3,0.0,0,1,0,7.03,4221247.0
964.0,Jhunsi,3,2.0,8,1.0,0,0,0,9.51,3851444.0
705.0,Dhoomanganj,2,2.0,15,1.0,0,0,0,2.66,3450808.0
1672.0,Civil Lines,4,3.0,10,1.0,0,1,1,0.21,18775630.0
1515.0,Ashok Nagar,2,1.0,22,1.0,0,1,0,2.52,8987941.0
648.0,Daraganj,2,2.0,0,1.0,0,0,1,4.31,4122714.0
827.0,Sulem Sarai,1,1.0,10,1.0,1,1,1,6.38,5792072.0
2015.0,Daraganj,4,2.0,7,0.0,1,0,0,4.54,11405351.0
630.0,Dhoomanganj,1,1.0,53,0.0,0,0,0,3.05,2081734.0
652.0,Dhoomanganj,1,1.0,12,0.0,0,0,0,3.4,2726511.0
1339.0,Daraganj,3,1.0,28,0.0,0,0,1,4.54,6358602.0
1838.0,Phaphamau,4,4.0,32,1.0,0,0,1,9.77,8962641.0
969.0,Teliyarganj,2,1.0,32,0.0,1,0,1,4.02,4716943.0
1542.0,Mumfordganj,4,3.0,9,1.0,0,1,1,2.36,9245389.0
1331.0,Jhunsi,3,2.0,9,1.0,0,0,0,8.89,4382913.0
1490.0,Jhunsi,3,1.0,5,1.0,1,0,0,8.62,5824066.0
2046.0,George Town,4,2.0,8,1.0,0,0,1,1.91,20536400.0
1269.0,Mumfordganj,3,2.0,6,0.0,1,0,0,2.56,8423307.0
1289.0,Stanley Road,3,2.0,6,1.0,1,0,1,0.9,12553887.0
1425.0,George Town,3,3.0,12,1.0,0,1,0,0.51,15622745.0
892.0,Allahpur,1,1.0,13,1.0,0,0,1,3.02,4734148.0
2108.0,Subedarganj,3,2.0,14,1.0,1,0,0,3.39,10709033.0
696.0,Lukerganj,1,2.0,4,1.0,1,0,1,1.51,6486735.0
1173.0,Mumfordganj,3,3.0,33,0.0,1,0,1,2.16,5664347.0
1949.0,Chowk,4,2.0,24,0.0,1,1,0,1.73,9638765.0
1095.0,Teliyarganj,2,1.0,14,1.0,1,0,1,4.52,7505467.0
1820.0,Sulem Sarai,4,3.0,15,1.0,0,0,0,7.22,11864944.0
2452.0,Jhalwa,5,4.0,7,1.0,0,0,0,8.46,10585951.0
1526.0,Ashok Nagar,2,2.0,7,1.0,1,1,1,1.88,10539858.0
1214.0,Subedarganj,2,1.0,7,0.0,0,0,0,3.43,5307863.0
1265.0,Subedarganj,2,2.0,7,0.0,1,0,1,2.95,6403730.0
1751.0,Naini,4,3.0,14,1.0,0,0,1,5.79,9359873.0
1444.0,Tagore Town,3,3.0,7,0.0,0,1,1,2.35,12892701.0
899.0,Sulem Sarai,2,1.0,16,1.0,0,0,0,5.87,6196959.0
1495.0,Civil Lines,4,3.0,12,0.0,0,1,1,0.85,16685684.0
1217.0,Mumfordganj,3,3.0,3,0.0,0,0,1,2.58,8213820.0
1331.0,Dhoomanganj,2,2.0,7,0.0,0,1,1,3.1,7292934.0
1118.0,Phaphamau,2,1.0,9,0.0,0,0,1,9.23,6328568.0
1024.0,Muthiganj,2,2.0,22,1.0,0,0,1,1.49,4058682.0
1513.0,Allahpur,3,2.0,13,0.0,0,0,1,2.75,7985452.0
987.0,Jhunsi,2,1.0,19,0.0,0,1,1,9.03,3437171.0
1692.0,Bamrauli,4,3.0,5,0.0,0,0,1,7.78,7526885.0
1705.0,Allahpur,2,2.0,37,1.0,0,0,0,2.88,8015728.0
3103.0,Civil Lines,6,4.0,8,1.0,0,1,1,0.22,28193786.25
1152.0,Bamrauli,2,1.0,12,1.0,0,0,1,7.23,4958334.0
818.0,Teliyarganj,1,2.0,7,0.0,1,1,1,4.54,5732806.0
726.0,Daraganj,3,3.0,2,1.0,0,0,0,4.04,4531195.0
1349.0,Teliyarganj,3,3.0,6,0.0,1,0,0,5.22,7667087.0
893.0,Phaphamau,1,1.0,16,1.0,1,0,0,9.4,5598479.0
1432.0,Tagore Town,4,3.0,23,0.0,0,0,0,1.86,11202448.0
1260.0,Naini,2,2.0,10,0.0,0,0,1,6.09,6154946.0
1442.0,Kydganj,2,2.0,12,0.0,1,1,1,1.57,6762999.0
1960.0,Colonelganj,5,4.0,24,1.0,0,0,1,1.11,11281548.0
1088.0,Civil Lines,2,1.0,4,1.0,1,1,1,0.71,16116380.0
973.0,Tagore Town,3,3.0,17,1.0,1,0,1,1.81,9818394.0
1522.0,Muthiganj,4,2.0,16,1.0,0,1,1,1.66,6715146.0
855.0,Daraganj,2,2.0,11,1.0,0,0,0,4.36,4574900.0
1085.0,George Town,1,1.0,15,1.0,1,0,1,1.29,10434539.0
497.0,Stanley Road,1,1.0,2,0.0,0,1,1,1.38,5797303.0
1671.0,Tagore Town,4,2.0,8,1.0,0,1,1,2.64,15016653.0
1225.0,Civil Lines,2,2.0,13,1.0,0,0,1,0.86,12737977.0
1417.0,Civil Lines,3,3.0,6,0.0,0,1,1,0.07,15437556.0
1306.0,Muthiganj,3,3.0,5,0.0,0,0,1,2.18,5842597.0
2642.0,Phaphamau,5,4.0,28,1.0,0,1,0,9.91,14014560.0
1566.0,Tagore Town,3,2.0,30,0.0,0,1,1,2.21,11094732.0
730.0,Kydganj,1,1.0,25,1.0,1,0,0,1.53,3238625.0
1218.0,Phaphamau,3,2.0,15,1.0,0,0,0,9.65,6937583.0
1207.0,Katra,2,1.0,21,1.0,0,0,1,1.21,7029119.0
1205.0,Naini,2,2.0,17,1.0,0,0,1,6.62,5379783.0
2085.0,Jhalwa,4,4.0,9,1.0,0,0,0,8.85,9510327.0
1720.0,Sulem Sarai,4,3.0,10,0.0,0,0,0,6.67,12869317.0
1243.0,Stanley Road,2,1.0,19,0.0,0,1,1,0.91,11130138.0
1564.0,Ashok Nagar,4,3.0,23,1.0,1,0,0,2.07,11533838.0
756.0,Naini,1,2.0,3,0.0,1,0,0,5.71,4380040.0
2886.0,Tagore Town,6,4.0,4,1.0,1,0,1,1.91,28193786.25
1474.0,Jhunsi,3,2.0,13,1.0,1,0,0,9.1,5159375.0
1369.0,Jhalwa,3,3.0,23,1.0,0,0,1,9.5,5670832.0
653.0,Subedarganj,1,1.0,11,0.0,0,0,1,3.05,3048752.0
748.0,Civil Lines,1,1.0,4,1.0,1,1,1,0.07,11005235.0
1395.0,Lukerganj,3,3.0,5,1.0,1,0,1,2.42,12124631.0
1587.0,George Town,4,2.0,2,0.0,1,1,0,1.29,20105994.0
1668.0,Sulem Sarai,3,3.0,20,1.0,0,0,0,6.32,10736015.0
1105.0,Jhunsi,1,1.0,19,0.0,0,0,1,8.8,3557858.0
778.0,Dhoomanganj,1,2.0,8,1.0,1,0,1,2.79,4419740.0
1076.0,Jhalwa,2,2.0,8,1.0,1,0,1,8.78,4691164.0
1057.0,Phaphamau,2,1.0,4,0.0,0,0,1,9.24,7298233.0
895.0,Teliyarganj,2,1.0,8,1.0,0,1,0,4.66,6063063.0
874.0,Sulem Sarai,3,2.0,9,1.0,0,0,1,6.87,7079521.0
970.0,Bamrauli,1,1.0,2,1.0,0,0,1,7.04,4195922.0
1226.0,Colonelganj,3,2.0,20,0.0,0,1,1,0.74,7117785.0
1411.0,Colonelganj,3,3.0,9,1.0,1,0,1,0.9,8351372.0
1376.0,Civil Lines,2,2.0,17,1.0,0,0,0,0.07,13749995.0
1477.0,Chowk,3,2.0,9,1.0,1,0,1,2.03,8139142.0
1469.0,Civil Lines,3,3.0,8,1.0,1,0,0,0.43,17032430.0
2175.0,Dhoomanganj,5,3.0,19,1.0,0,0,0,3.74,11442882.0
1100.0,Teliyarganj,2,2.0,4,1.0,0,0,0,3.75,6983447.0
1115.0,Jhalwa,2,1.0,51,1.0,1,1,0,8.75,3559915.0
1023.0,Stanley Road,2,1.0,18,1.0,0,0,1,0.65,9389754.0
926.0,George Town,2,2.0,10,1.0,0,1,0,1.44,8989660.0
778.0,Civil Lines,1,1.0,12,0.0,1,0,1,0.49,7321611.0
1302.0,Lukerganj,3,3.0,11,0.0,0,1,1,2.06,9941112.0
953.0,George Town,2,1.0,6,1.0,0,1,1,0.58,11431796.0
576.0,Tagore Town,1,1.0,7,1.0,0,0,1,2.41,5563096.0
1220.0,Jhalwa,2,2.0,4,0.0,0,1,1,8.34,5388413.0
833.0,Naini,2,2.0,17,1.0,0,1,0,7.19,4625647.0
775.0,Jhunsi,3,3.0,20,1.0,1,0,0,9.36,3134261.0
1791.0,Katra,3,2.0,37,1.0,0,0,0,1.41,9554228.0
554.0,Sulem Sarai,1,1.0,11,0.0,1,0,1,6.66,3524984.0
1162.0,Civil Lines,2,2.0,26,1.0,0,0,0,0.09,10565852.0
1388.0,Jhunsi,3,3.0,3,1.0,0,0,1,8.51,6284302.0
1699.0,Mumfordganj,4,4.0,36,1.0,1,0,1,2.44,8202267.0
1200.0,Jhalwa,2,1.0,15,0.0,0,0,0,7.94,4729482.0
1210.0,Jhunsi,2,2.0,17,1.0,1,0,1,9.4,3808265.0
1433.0,Lukerganj,3,3.0,11,1.0,0,1,1,1.78,10781543.0
674.0,Alopibagh,3,3.0,2,1.0,0,0,1,3.08,3674289.0
834.0,Daraganj,1,1.0,4,1.0,1,1,1,3.99,5153430.0
1168.0,Naini,4,3.0,5,1.0,0,1,1,6.08,6760338.0
604.0,Ashok Nagar,2,2.0,16,1.0,1,1,1,2.44,5041203.0
615.0,Jhunsi,1,1.0,40,0.0,1,0,0,8.9,1827664.0
1292.0,Allahpur,2,2.0,23,1.0,1,0,1,2.79,7518265.0
1435.0,Civil Lines,3,2.0,11,1.0,0,0,0,0.43,14682677.0
639.0,Lukerganj,1,1.0,14,1.0,0,1,0,1.09,5351972.0
1106.0,Allahpur,3,2.0,13,0.0,0,1,1,3.12,7255735.0
1202.0,George Town,3,2.0,31,1.0,1,1,0,1.53,12426372.0
1210.0,Dhoomanganj,2,1.0,2,1.0,0,0,1,3.54,6367710.0
1156.0,Dhoomanganj,1,1.0,24,1.0,1,0,1,2.54,5205630.0
1036.0,Dhoomanganj,2,2.0,9,1.0,1,0,1,3.24,5383051.0
1287.0,Subedarganj,2,1.0,20,1.0,1,0,1,3.72,5641447.0
1636.0,Naini,3,1.0,5,1.0,1,0,0,5.86,9625285.0
631.0,Sulem Sarai,1,1.0,18,1.0,1,0,1,6.73,4467522.0
1364.0,Phaphamau,2,2.0,16,1.0,1,1,1,9.75,8544092.0
1843.0,Stanley Road,4,4.0,11,0.0,0,0,1,1.11,17354387.0
1736.0,Jhalwa,4,3.0,18,1.0,1,0,1,8.72,7547361.0
928.0,Allahpur,2,2.0,11,0.0,0,0,0,2.92,5463942.0
1950.0,Mumfordganj,5,3.0,16,0.0,0,0,0,1.85,11405814.0
967.0,Katra,1,1.0,18,1.0,1,0,0,1.73,5902726.0
2516.0,Mumfordganj,5,4.0,6,0.0,1,0,1,2.09,17385212.0
1466.0,Naini,3,2.0,3,0.0,0,0,1,6.31,9054938.0
1225.0,Naini,3,3.0,5,0.0,1,0,1,6.07,6377598.0
2007.0,Allahpur,5,3.0,5,1.0,0,0,0,3.15,15973671.0
780.0,Kydganj,1,1.0,12,1.0,0,0,0,2.2,3774059.0
356.0,Stanley Road,1,1.0,15,0.0,0,1,1,0.96,3475966.0
662.0,Phaphamau,2,1.0,25,1.0,0,0,0,8.82,3502410.0
401.0,Phaphamau,2,2.0,4,1.0,1,1,0,9.68,3305526.0
440.0,Alopibagh,1,1.0,6,1.0,0,1,0,3.35,2225874.0
1203.0,Teliyarganj,2,2.0,10,0.0,0,0,1,3.81,7092503.0
2062.0,Naini,4,3.0,25,1.0,1,0,1,6.06,9601775.0
1326.0,Ashok Nagar,2,2.0,20,0.0,1,0,0,2.65,7874928.0
1409.0,Civil Lines,3,2.0,24,1.0,1,0,0,0.66,12742303.0
680.0,Phaphamau,1,1.0,20,0.0,0,1,0,10.06,3247589.0
784.0,Ashok Nagar,1,1.0,16,1.0,0,0,0,2.39,5127256.0
1011.0,Civil Lines,1,1.0,30,0.0,0,1,1,0.17,9077658.0
1264.0,Naini,3,2.0,7,1.0,1,0,0,6.48,6324237.0
2023.0,Teliyarganj,4,3.0,26,1.0,1,0,0,4.23,12130515.0
684.0,Jhalwa,2,1.0,31,1.0,0,0,1,8.95,2345912.0
712.0,Lukerganj,1,1.0,9,1.0,0,1,1,2.47,6065189.0
823.0,Lukerganj,1,1.0,18,1.0,1,0,1,1.65,6333884.0
1886.0,Lukerganj,5,3.0,7,0.0,0,1,1,1.8,16814380.0
1102.0,Bamrauli,2,1.0,7,1.0,0,0,0,6.69,4329018.0
2300.0,Jhalwa,5,3.0,29,1.0,0,0,1,8.86,8633521.0
1663.0,Katra,5,4.0,14,0.0,0,1,0,1.8,10160094.0
1565.0,Civil Lines,2,2.0,40,0.0,1,0,0,0.14,11304316.0
834.0,Muthiganj,2,2.0,1,1.0,0,0,0,1.29,4622335.0
650.0,Teliyarganj,1,1.0,20,1.0,0,0,1,4.21,3636288.0
908.0,Kydganj,3,2.0,7,1.0,0,0,1,1.74,4764726.0
1546.0,Lukerganj,3,3.0,8,0.0,1,0,1,1.23,12140615.0
1373.0,Ashok Nagar,3,1.0,18,0.0,0,0,1,1.88,9121630.0
1366.0,Sulem Sarai,2,1.0,7,1.0,0,1,0,7.63,10454257.0
2205.0,Kydganj,4,2.0,34,0.0,1,0,1,2.56,8155308.0
1662.0,Naini,3,2.0,35,1.0,0,0,0,6.22,7490682.0
1195.0,Ashok Nagar,3,2.0,19,0.0,0,0,1,2.15,7917381.0
2274.0,Allahpur,5,4.0,11,0.0,1,0,1,2.67,13298242.0
998.0,Sulem Sarai,3,3.0,12,1.0,0,0,1,6.77,7807995.0
1268.0,Jhalwa,3,2.0,18,1.0,0,1,1,9.38,5934172.0
900.0,George Town,2,2.0,6,1.0,1,1,1,1.22,13564705.0
3014.0,George Town,6,4.0,36,0.0,0,0,1,1.8,28193786.25
1533.0,Sulem Sarai,3,2.0,2,1.0,0,0,1,6.4,11984529.0
1373.0,Stanley Road,2,2.0,12,0.0,1,0,1,1.05,12247268.0
1293.0,Lukerganj,2,1.0,26,0.0,1,1,1,2.05,7926267.0
991.0,Bamrauli,2,1.0,32,1.0,0,0,1,7.61,3033577.0
1147.0,Subedarganj,2,1.0,6,1.0,0,0,1,2.89,5911758.0
582.0,Alopibagh,1,1.0,24,1.0,0,1,0,3.42,2546350.0
2052.0,Bamrauli,4,2.0,18,1.0,0,0,1,6.71,8266061.0
1003.0,Stanley Road,1,1.0,27,0.0,1,0,1,1.01,8075542.0
1908.0,Naini,4,3.0,17,0.0,1,0,1,6.69,10397292.0
630.0,Civil Lines,1,1.0,17,1.0,0,0,0,0.6,5869272.0
770.0,Sulem Sarai,1,1.0,11,1.0,0,1,0,6.09,5643919.0
881.0,Katra,2,1.0,7,1.0,0,0,1,1.24,6620851.0
1321.0,Jhalwa,2,1.0,5,0.0,0,0,1,9.32,5816066.0
804.0,Allahpur,2,2.0,19,1.0,0,0,1,2.98,4433495.0
1784.0,Tagore Town,3,2.0,5,1.0,1,1,0,2.04,18065470.0
1985.0,Teliyarganj,3,3.0,21,0.0,0,0,1,4.36,12100515.0
561.0,George Town,1,1.0,9,1.0,0,0,0,1.32,6859209.0
782.0,Colonelganj,2,2.0,1,0.0,1,0,1,0.67,6415562.0
1424.0,Bamrauli,3,3.0,11,1.0,1,0,1,6.51,5876797.0
1020.0,Sulem Sarai,2,1.0,15,0.0,1,0,0,6.48,6152939.0
1563.0,Colonelganj,3,3.0,15,1.0,0,0,1,0.75,9372001.0
3774.75,Civil Lines,6,4.0,3,1.0,0,0,1,0.84,28193786.25
2075.0,Kydganj,4,3.0,3,1.0,0,0,0,0.91,10469332.0
1026.0,Phaphamau,2,2.0,12,0.0,0,1,0,10.35,5831410.0
1674.0,Lukerganj,4,4.0,12,1.0,0,1,1,1.94,13337637.0
1288.0,Lukerganj,2,1.0,12,0.0,0,0,0,2.11,9254812.0
1135.0,Civil Lines,2,1.0,6,0.0,1,0,0,0.06,11368984.0
2503.0,Jhalwa,5,4.0,15,1.0,1,0,1,8.54,11498506.0
1219.0,Jhunsi,3,2.0,8,1.0,0,0,0,9.09,4236328.0
541.0,Chowk,1,1.0,27,1.0,0,0,1,2.07,2849113.0
1295.0,Jhalwa,2,1.0,5,1.0,0,0,1,8.69,5465999.0
1277.0,Lukerganj,3,2.0,16,0.0,1,1,1,1.71,10465989.0
1033.0,Ashok Nagar,2,1.0,11,1.0,0,1,1,2.4,7049698.0
1191.0,Daraganj,3,2.0,6,0.0,0,0,1,5.09,5941531.0
1779.0,Ashok Nagar,3,3.0,48,0.0,0,0,0,2.03,8624370.0
2129.0,Kydganj,4,2.0,20,1.0,1,1,0,1.91,11405769.0
1112.0,Civil Lines,1,1.0,28,0.0,0,0,1,0.13,8642084.0
1690.0,Jhunsi,4,3.0,30,1.0,1,0,1,8.78,5250601.0
1720.0,Jhunsi,4,3.0,22,0.0,0,0,0,9.31,5730767.0
1817.0,Naini,3,2.0,10,1.0,1,0,0,5.91,9928581.0
790.0,Colonelganj,2,1.0,8,0.0,0,0,0,1.18,4734516.0
1070.0,Civil Lines,1,1.0,28,1.0,0,0,0,0.44,9592058.0
1230.0,Phaphamau,2,3.0,11,1.0,0,0,0,9.57,7343511.0
1436.0,George Town,3,2.0,16,0.0,0,0,1,1.72,14659822.0
394.0,Subedarganj,1,2.0,9,1.0,0,0,1,3.4,2202932.0
1867.0,Allahpur,3,2.0,9,0.0,0,0,1,3.52,10790825.0
1251.0,Teliyarganj,2,1.0,22,1.0,0,0,0,3.9,6796820.0
1832.0,Civil Lines,3,3.0,19,1.0,0,0,1,0.09,19521603.0
1630.0,Dhoomanganj,3,3.0,9,1.0,0,0,1,3.44,8592229.0
1816.0,Chowk,4,2.0,7,1.0,0,0,1,1.53,11337881.0
2573.0,Kydganj,5,4.0,12,1.0,0,0,0,1.83,10812155.0
1785.0,Mumfordganj,4,2.0,7,0.0,0,0,1,2.58,12010259.0
660.0,Civil Lines,2,2.0,14,1.0,0,1,1,0.21,6895492.0
1741.0,Alopibagh,3,3.0,16,0.0,1,0,1,3.3,6802380.0
1108.0,Colonelganj,2,1.0,17,1.0,1,0,0,1.55,7040740.0
634.0,Mumfordganj,2,1.0,7,0.0,0,1,0,1.57,3724217.0
1946.0,Ashok Nagar,3,2.0,6,0.0,1,0,1,2.17,13842277.0
811.0,Katra,2,2.0,13,1.0,0,0,0,0.99,5225855.0
2524.0,Colonelganj,5,4.0,24,1.0,0,1,0,0.83,16243234.0
1156.0,Lukerganj,1,1.0,11,1.0,0,0,0,1.47,8016468.0
936.0,Subedarganj,1,2.0,7,0.0,0,0,1,2.95,4223291.0
1162.0,Naini,2,1.0,28,1.0,0,1,0,6.89,4728969.0
1093.0,Muthiganj,2,1.0,9,1.0,1,0,0,1.8,4297612.0
789.0,Sulem Sarai,1,1.0,28,1.0,0,1,1,6.62,4781596.0
924.0,Colonelganj,3,3.0,19,0.0,0,0,1,0.91,5658693.0
988.0,Sulem Sarai,3,2.0,13,0.0,1,0,0,5.93,6811968.0
2153.0,Jhunsi,4,3.0,17,0.0,0,0,1,8.61,7177769.0
2385.0,Ashok Nagar,5,4.0,28,0.0,1,0,1,1.96,14708846.0
1908.0,Civil Lines,4,3.0,8,0.0,0,0,1,0.16,21144750.0
1050.0,Chowk,2,2.0,8,1.0,1,0,0,1.83,6087554.0
1426.0,George Town,2,2.0,7,1.0,0,1,1,1.39,16425614.0
1055.0,Civil Lines,1,1.0,12,1.0,0,1,1,0.34,12671775.0
735.0,Sulem Sarai,2,1.0,6,0.0,1,0,0,6.23,4954170.0
1382.0,Subedarganj,3,2.0,16,0.0,1,0,1,3.1,5991498.0
1487.0,Alopibagh,3,2.0,12,1.0,0,0,0,3.05,6043199.0
2029.0,Colonelganj,4,4.0,11,1.0,0,0,1,0.9,13295585.0
1933.0,Tagore Town,4,2.0,17,1.0,1,1,1,2.24,16200642.0
1356.0,Dhoomanganj,2,1.0,9,0.0,0,0,0,3.13,5350254.0
615.0,Phaphamau,2,2.0,9,1.0,0,0,1,9.72,3500837.0
518.0,Sulem Sarai,2,1.0,10,1.0,0,0,1,7.21,3750403.0
576.0,Dhoomanganj,1,1.0,8,1.0,0,0,1,2.84,2771071.0
623.0,Tagore Town,1,1.0,5,0.0,0,0,1,1.88,5987653.0
961.0,Ashok Nagar,2,2.0,5,1.0,1,0,1,1.65,8183575.0
1794.0,Teliyarganj,4,2.0,29,0.0,0,1,1,3.47,9562856.0
941.0,Jhalwa,2,1.0,8,1.0,1,0,1,8.48,4482908.0
1411.0,Sulem Sarai,2,1.0,22,1.0,0,0,1,6.95,8623157.0
1439.0,Ashok Nagar,3,2.0,6,0.0,0,1,0,1.59,10072626.0
795.0,Colonelganj,2,1.0,25,1.0,0,0,1,1.22,5000953.0
1060.0,Tagore Town,4,3.0,15,1.0,1,0,0,2.07,10044408.0
1054.0,Sulem Sarai,2,1.0,31,1.0,0,1,0,5.92,5785845.0
811.0,Civil Lines,3,1.0,5,1.0,0,1,1,0.33,11004928.0
1183.0,Dhoomanganj,2,2.0,3,1.0,1,0,1,3.88,6473237.0
878.0,Naini,2,2.0,40,1.0,0,1,0,6.36,3695841.0
967.0,Muthiganj,2,1.0,9,0.0,0,0,1,2.3,3606535.0
1208.0,Naini,3,3.0,3,1.0,0,0,1,6.64,8179187.0
1136.0,Daraganj,3,2.0,8,0.0,1,0,1,4.61,6010155.0
754.0,Ashok Nagar,3,1.0,10,1.0,0,0,1,1.96,5471239.0
1325.0,Tagore Town,4,3.0,15,1.0,0,0,1,1.71,11183101.0
1122.0,Kydganj,4,3.0,17,1.0,0,1,1,1.33,5588435.0
696.0,Jhalwa,3,3.0,22,1.0,0,0,1,8.68,2969324.0
1191.0,Kydganj,3,2.0,7,0.0,1,0,1,1.48,5529980.0
1006.0,Naini,2,2.0,17,1.0,0,0,0,6.31,5189736.0
1491.0,Naini,2,1.0,27,0.0,0,0,0,6.71,6122580.0
832.0,Sulem Sarai,2,3.0,19,1.0,1,0,1,6.89,5806776.0
976.0,Ashok Nagar,2,1.0,8,1.0,0,0,1,2.31,6912896.0
1869.0,Stanley Road,4,3.0,14,1.0,0,1,1,0.92,18577561.0
1495.0,Subedarganj,2,1.0,4,1.0,1,0,1,2.43,8406076.0
974.0,Alopibagh,1,1.0,30,1.0,0,0,0,3.23,3232037.0
1225.0,Jhunsi,2,2.0,13,0.0,0,0,1,8.9,4100381.0
1022.0,Alopibagh,2,1.0,2,1.0,1,1,0,2.51,5324644.0
1769.0,Civil Lines,4,2.0,28,1.0,0,0,0,0.13,14698900.0
905.0,George Town,2,2.0,4,1.0,1,1,0,0.49,12016168.0
1699.0,Colonelganj,3,2.0,10,0.0,0,0,0,1.34,10002547.0
1296.0,Jhunsi,3,3.0,5,0.0,0,0,0,8.73,4721631.0
1148.0,Alopibagh,3,2.0,10,1.0,1,1,1,3.33,5181180.0
2493.0,Kydganj,5,4.0,9,1.0,0,0,0,1.9,10801004.0
1291.0,Dhoomanganj,3,2.0,13,1.0,0,0,1,3.01,6351124.0
654.0,Tagore Town,1,1.0,5,1.0,1,0,1,1.57,7131604.0
833.0,Subedarganj,2,2.0,29,0.0,0,1,1,3.31,3547851.0
1293.0,Civil Lines,3,1.0,16,1.0,0,0,0,0.31,12636991.0
1546.0,Muthiganj,2,1.0,7,1.0,0,0,1,2.52,6405881.0
3353.0,Tagore Town,6,4.0,6,1.0,1,0,0,2.48,28193786.25
1367.0,Civil Lines,3,3.0,14,0.0,0,1,1,0.87,12877681.0
2244.0,Alopibagh,4,3.0,9,1.0,0,0,0,3.53,10194193.0
1428.0,Civil Lines,2,2.0,32,1.0,0,0,1,0.86,11693267.0
1041.0,Jhalwa,2,1.0,20,1.0,0,0,0,8.71,3487947.0
1408.0,Civil Lines,3,1.0,24,1.0,0,1,1,0.62,12411179.0
702.0,Jhunsi,2,2.0,8,0.0,0,0,1,9.0,2241840.0
1368.0,Naini,2,1.0,9,0.0,1,0,0,6.38,6190434.0
1611.0,Kydganj,3,2.0,2,1.0,0,0,1,1.43,8894645.0
646.0,Naini,1,1.0,2,1.0,0,1,1,6.64,3372256.0
1348.0,Alopibagh,4,3.0,14,1.0,1,0,1,2.98,5984900.0
2117.0,Muthiganj,5,4.0,5,0.0,0,0,0,2.11,9474508.0
1626.0,Ashok Nagar,4,3.0,20,1.0,0,0,0,1.69,10189666.0
2095.0,Tagore Town,4,2.0,19,1.0,0,0,0,2.66,16028959.0
2319.0,Daraganj,5,4.0,4,1.0,0,0,1,4.56,15514387.0
1734.0,Civil Lines,4,2.0,17,0.0,0,1,1,0.44,15771141.0
911.0,Bamrauli,2,1.0,3,1.0,0,0,1,6.71,4435300.0
1953.0,Lukerganj,4,3.0,10,0.0,1,1,0,2.11,15252774.0
695.0,Colonelganj,2,1.0,8,1.0,0,0,0,1.54,4133182.0
1263.0,Allahpur,2,2.0,19,0.0,0,0,1,2.83,6637092.0
1123.0,Phaphamau,2,2.0,17,0.0,1,1,0,10.44,6452663.0
2914.0,Phaphamau,6,4.0,13,1.0,0,0,1,9.78,16984498.0
724.0,Dhoomanganj,2,2.0,15,1.0,1,0,0,3.06,3923384.0
2487.0,Dhoomanganj,5,4.0,50,0.0,1,0,1,3.51,10304718.0
698.0,Daraganj,2,2.0,10,0.0,1,0,0,4.09,3314255.0
761.0,George Town,1,2.0,17,1.0,0,0,1,1.26,7924283.0
666.0,Phaphamau,1,2.0,6,1.0,0,0,1,9.07,3962971.0
1324.0,Subedarganj,3,2.0,26,0.0,0,0,1,3.46,5721137.0
919.0,Colonelganj,2,1.0,24,0.0,0,0,1,0.81,5152228.0
1072.0,Mumfordganj,2,1.0,17,0.0,0,1,0,2.46,6584230.0
1644.0,Jhalwa,4,3.0,19,1.0,1,0,1,8.56,6772529.0
1184.0,Dhoomanganj,2,1.0,25,1.0,1,0,0,3.59,5903011.0
2953.0,Naini,6,4.0,21,0.0,0,0,1,5.81,13228991.0
762.0,Jhalwa,2,1.0,10,0.0,1,0,1,8.53,3383873.0
713.0,Tagore Town,2,1.0,17,1.0,1,0,1,2.5,6687429.0
1360.0,Civil Lines,4,3.0,15,1.0,0,1,1,0.75,13371552.0
1672.0,Alopibagh,3,3.0,18,0.0,1,0,0,2.86,6771072.0
1226.0,Dhoomanganj,3,2.0,6,1.0,0,1,1,3.31,6434013.0
2056.0,Phaphamau,5,4.0,15,0.0,1,0,1,9.59,13676685.0
973.0,Ashok Nagar,3,2.0,22,1.0,1,1,1,2.34,6976583.0
2375.0,Mumfordganj,5,3.0,9,1.0,0,0,0,1.69,15479563.0
1085.0,Chowk,3,2.0,11,0.0,0,1,0,2.37,6164516.0
891.0,Stanley Road,2,1.0,1,0.0,1,0,1,0.72,9186472.0
1470.0,Katra,4,3.0,13,0.0,0,0,1,1.24,9655881.0
842.0,Allahpur,2,2.0,4,1.0,0,1,1,2.56,5748545.0
1431.0,Stanley Road,2,1.0,30,1.0,0,1,1,1.24,13353128.0
1676.0,Stanley Road,3,2.0,11,1.0,0,0,1,0.94,17974968.0
826.0,Mumfordganj,2,2.0,9,1.0,1,0,0,2.42,5065370.0
1794.0,Sulem Sarai,4,3.0,4,1.0,0,1,1,6.99,12918074.0
493.0,Sulem Sarai,1,1.0,13,1.0,1,0,0,5.86,3890510.0
640.0,Jhalwa,1,1.0,30,1.0,0,0,0,9.48,2149677.0
785.0,Allahpur,1,1.0,8,0.0,0,0,0,2.34,3880711.0
1407.0,Daraganj,4,2.0,10,0.0,1,0,0,3.74,6341684.0
1415.0,Daraganj,3,2.0,11,0.0,1,0,1,4.67,7134469.0
1742.0,Civil Lines,2,1.0,31,0.0,0,1,1,0.43,14553541.0
1927.0,Naini,5,4.0,20,1.0,1,0,1,6.74,10975269.0
1347.0,Phaphamau,1,2.0,10,0.0,0,1,1,9.88,7525974.0
535.0,Kydganj,2,1.0,10,1.0,1,0,1,1.88,2846529.0
1357.0,Bamrauli,3,1.0,17,1.0,0,0,1,7.12,5083443.0
1323.0,Katra,3,3.0,7,1.0,0,0,1,1.32,9045806.0
1603.0,Teliyarganj,3,4.0,20,1.0,0,0,0,4.47,9658384.0
1379.0,Subedarganj,3,2.0,9,1.0,0,0,1,2.74,6243896.0
697.0,Colonelganj,3,2.0,13,1.0,0,0,1,0.45,4871306.0
1920.0,Jhalwa,4,3.0,17,1.0,1,1,0,8.22,8224188.0
1033.0,Allahpur,2,1.0,17,0.0,0,0,0,3.32,5423418.0
966.0,Kydganj,2,1.0,20,0.0,1,0,0,1.71,4218649.0
1212.0,Sulem Sarai,2,1.0,3,1.0,0,0,1,6.7,10284340.0
918.0,Lukerganj,2,1.0,37,0.0,0,1,1,1.35,5454255.0
1114.0,Naini,3,3.0,19,1.0,1,0,1,6.2,5240138.0
1197.0,Naini,3,1.0,9,0.0,1,0,0,5.93,6645015.0
1173.0,Civil Lines,2,2.0,33,1.0,1,1,1,0.14,11030225.0
1606.0,Daraganj,2,3.0,5,1.0,1,1,1,4.35,10037185.0
2061.0,Chowk,3,2.0,13,0.0,0,0,1,1.73,9776918.0
512.0,Chowk,1,1.0,7,1.0,1,0,0,1.74,3106097.0
858.0,Bamrauli,2,2.0,9,0.0,0,0,1,6.84,3061252.0
647.0,Civil Lines,2,2.0,12,1.0,1,0,1,0.47,7184613.0
1161.0,George Town,3,2.0,7,0.0,0,1,1,1.35,13528649.0
1526.0,Dhoomanganj,3,2.0,11,1.0,0,0,1,3.37,8713130.0
1545.0,Subedarganj,4,2.0,26,0.0,0,1,1,2.88,7186252.0
1096.0,Dhoomanganj,2,2.0,12,0.0,0,0,0,2.72,4675796.0
1530.0,Teliyarganj,3,2.0,11,1.0,0,0,1,4.28,9736246.0
1215.0,Naini,2,2.0,8,0.0,0,0,0,5.67,5142312.0
3774.75,Naini,6,4.0,15,0.0,1,0,1,6.29,23640069.0
1151.0,Phaphamau,1,2.0,9,1.0,0,0,0,10.12,6972113.0
1635.0,Stanley Road,5,3.0,9,1.0,1,0,0,1.66,19006840.0
1508.0,Phaphamau,3,2.0,21,0.0,0,1,1,9.79,8252366.0
1184.0,Daraganj,2,2.0,13,0.0,1,0,1,4.33,5966924.0
717.0,Dhoomanganj,1,1.0,14,0.0,0,0,0,3.23,3607232.0
1180.0,Teliyarganj,2,1.0,5,1.0,1,0,0,4.96,7555944.0
1547.0,Ashok Nagar,3,2.0,3,1.0,0,0,1,2.46,11285910.0
1412.0,Colonelganj,4,4.0,7,0.0,1,0,0,0.79,11600952.0
1142.0,George Town,2,2.0,9,1.0,1,0,1,0.5,11571423.0
1531.0,Bamrauli,4,3.0,33,0.0,1,0,1,6.72,5395801.0
876.0,Phaphamau,3,3.0,4,1.0,0,1,1,9.25,6328400.0
1167.0,Naini,3,2.0,39,0.0,0,0,1,6.5,4299063.0
830.0,Daraganj,1,2.0,35,1.0,1,0,0,4.22,3329324.0
1810.0,Jhalwa,4,2.0,16,0.0,1,0,0,8.77,7078693.0
1451.0,Stanley Road,4,4.0,26,1.0,0,0,1,0.41,13808273.0
498.0,Jhalwa,2,3.0,2,1.0,1,1,0,8.59,2774647.0
1441.0,Civil Lines,3,2.0,5,1.0,0,1,1,0.5,16093345.0
1359.0,Katra,3,2.0,6,1.0,0,1,0,1.34,9285001.0
599.0,Colonelganj,1,1.0,4,1.0,1,0,0,1.22,4856948.0
2023.0,Chowk,4,3.0,34,1.0,0,0,1,1.72,8933457.0
1350.0,Mumfordganj,3,2.0,44,1.0,0,0,0,2.21,7153782.0
1364.0,Jhunsi,3,1.0,5,0.0,1,1,1,8.99,5483799.0
1268.0,Jhalwa,2,1.0,31,1.0,1,0,1,9.19,4356886.0
1399.0,George Town,3,2.0,5,1.0,0,1,1,0.71,19697038.0
2436.0,Colonelganj,6,4.0,4,0.0,0,0,1,1.73,18842056.0
1585.0,Jhalwa,3,2.0,16,0.0,0,1,1,8.91,6601562.0
1046.0,George Town,2,2.0,13,1.0,0,1,0,1.37,10530700.0
1058.0,Stanley Road,2,2.0,30,1.0,0,0,0,0.81,9452381.0
1119.0,Ashok Nagar,2,1.0,16,0.0,0,0,0,2.25,6500030.0
1228.0,Jhalwa,2,3.0,14,1.0,0,0,1,8.95,4819606.0
1610.0,Sulem Sarai,4,4.0,20,1.0,0,0,0,6.58,10773754.0
2034.0,Sulem Sarai,4,4.0,6,1.0,0,0,0,6.38,15118714.0
1535.0,Teliyarganj,3,2.0,4,1.0,0,0,0,4.69,9922084.0
1960.0,Allahpur,4,4.0,11,1.0,1,0,0,2.53,12006019.0
1078.0,Dhoomanganj,3,2.0,26,1.0,0,0,0,2.73,4439622.0
877.0,Ashok Nagar,3,3.0,17,1.0,0,0,1,2.32,5587799.0
901.0,Naini,3,2.0,9,0.0,0,1,1,6.28,4687070.0
3632.0,Civil Lines,6,4.0,3,1.0,0,1,0,0.23,28193786.25
838.0,Kydganj,1,1.0,19,0.0,0,0,0,1.73,3512402.0
1046.0,Muthiganj,1,1.0,2,1.0,1,0,0,1.57,4393769.0
1151.0,Civil Lines,2,1.0,4,0.0,1,1,1,0.35,13328913.0
1733.0,Ashok Nagar,4,2.0,21,1.0,0,0,1,2.45,10673843.0
1053.0,Phaphamau,2,1.0,19,1.0,1,1,1,10.02,6205764.0
707.0,Civil Lines,2,2.0,17,1.0,0,1,0,0.42,7690171.0
1126.0,Lukerganj,2,1.0,8,1.0,0,0,1,1.38,8256763.0
746.0,Bamrauli,2,2.0,14,1.0,0,0,1,6.55,2749698.0
1404.0,Jhalwa,4,3.0,16,0.0,0,0,0,8.61,5286098.0
1031.0,Subedarganj,3,3.0,4,1.0,0,0,1,2.32,6391137.0
783.0,Lukerganj,3,2.0,15,1.0,1,0,1,1.76,7293183.0
1531.0,Sulem Sarai,3,2.0,4,0.0,1,1,1,7.15,11007386.0
685.0,Jhalwa,1,1.0,16,0.0,0,0,1,8.36,2657442.0
2216.0,Chowk,4,2.0,6,1.0,1,0,1,1.21,12666057.0
969.0,Bamrauli,2,1.0,2,0.0,0,0,0,6.55,4221907.0
1676.0,Naini,4,4.0,34,0.0,1,0,0,6.03,6861635.0
1000.0,Sulem Sarai,2,1.0,6,1.0,0,0,1,6.66,7063904.0
1497.0,Civil Lines,3,3.0,13,1.0,0,1,1,0.13,15158400.0
617.0,Bamrauli,1,1.0,19,1.0,0,0,1,6.74,2570419.0
589.0,Civil Lines,1,1.0,28,0.0,0,0,1,0.41,4166658.0
2268.0,Ashok Nagar,5,3.0,24,0.0,1,0,1,1.35,16261013.0
1064.0,Jhunsi,1,1.0,6,1.0,1,0,0,8.82,3927275.0
1764.0,Lukerganj,4,2.0,8,0.0,0,1,1,2.58,13505761.0
886.0,Naini,2,2.0,16,1.0,0,0,1,6.16,4097762.0
816.0,Naini,2,1.0,22,0.0,0,0,1,5.42,3554473.0
863.0,Alopibagh,3,2.0,3,0.0,0,1,0,2.83,4695069.0
744.0,Sulem Sarai,1,2.0,4,1.0,1,0,1,6.73,6384803.0
654.0,Dhoomanganj,1,1.0,5,1.0,0,0,0,2.85,3531990.0
2401.0,Subedarganj,5,4.0,13,1.0,0,1,1,3.61,12300505.0
2222.0,Subedarganj,4,4.0,11,0.0,1,0,0,3.79,11189600.0
3408.0,Tagore Town,6,4.0,6,0.0,0,1,0,1.94,28193786.25
1540.0,Stanley Road,3,1.0,10,1.0,1,0,1,0.12,14752531.0
1049.0,Lukerganj,2,1.0,14,1.0,1,1,0,1.96,8387631.0
798.0,Jhunsi,2,1.0,22,1.0,0,0,1,9.47,2887230.0
923.0,Jhunsi,1,1.0,21,0.0,0,0,0,8.99,2758801.0
1080.0,Ashok Nagar,2,1.0,6,1.0,1,0,0,2.19,8576557.0
1517.0,Sulem Sarai,4,3.0,20,1.0,0,0,1,6.54,10147217.0
906.0,Allahpur,2,1.0,13,0.0,0,1,1,2.5,5421416.0
2961.0,Stanley Road,6,4.0,17,0.0,0,1,1,0.67,28193786.25
899.0,Tagore Town,2,1.0,11,1.0,0,1,1,1.99,8234751.0
2410.0,Teliyarganj,4,3.0,8,0.0,0,0,1,3.96,12694695.0
2818.0,Jhalwa,6,4.0,6,0.0,1,0,0,9.13,10865723.0
1329.0,Lukerganj,3,2.0,26,1.0,0,1,1,2.15,9063412.0
1514.0,Daraganj,4,4.0,8,1.0,0,0,1,4.2,9145601.0
1576.0,Tagore Town,3,2.0,13,1.0,1,1,1,2.59,16500925.0
1026.0,Dhoomanganj,3,1.0,44,0.0,1,0,0,3.23,3720633.0
755.0,Allahpur,1,1.0,16,1.0,1,0,1,2.97,4102402.0
927.0,Allahpur,1,1.0,9,0.0,1,0,1,2.62,5809875.0
836.0,Stanley Road,1,1.0,6,0.0,0,0,0,0.88,7555919.0
1935.0,Mumfordganj,4,3.0,4,1.0,0,1,0,1.88,14659342.0
811.0,Civil Lines,2,2.0,10,1.0,0,0,0,0.38,8726878.0
1917.0,Sulem Sarai,4,3.0,30,1.0,0,0,0,6.67,10905993.0
561.0,Lukerganj,2,2.0,28,1.0,1,0,1,1.3,4783061.0
1218.0,George Town,3,2.0,8,0.0,1,1,0,1.16,15413833.0
661.0,Daraganj,1,1.0,21,1.0,1,0,0,3.98,3428483.0
2301.0,Sulem Sarai,5,4.0,26,0.0,0,0,1,7.76,14374990.0
2037.0,Jhalwa,4,2.0,11,0.0,0,0,1,8.6,8431708.0
1051.0,Jhunsi,3,1.0,10,1.0,0,0,1,8.59,4005292.0
1154.0,Bamrauli,3,3.0,7,1.0,0,0,1,7.06,4817942.0
1028.0,Naini,3,3.0,14,0.0,0,0,1,6.57,4908143.0
1398.0,Colonelganj,3,1.0,18,0.0,1,0,1,1.07,8464004.0
1330.0,Naini,2,1.0,8,0.0,1,0,1,6.48,6055128.0
919.0,Chowk,3,3.0,11,1.0,0,0,0,1.26,4828542.0
498.0,Stanley Road,1,1.0,4,1.0,0,0,0,1.45,5897554.0
1135.0,Allahpur,2,1.0,12,0.0,1,1,0,2.77,7742075.0
1035.0,Jhunsi,2,1.0,8,1.0,0,0,0,8.67,3963278.0
993.0,Tagore Town,3,1.0,6,1.0,0,1,0,1.82,9872802.0
3399.0,George Town,6,4.0,17,0.0,0,1,1,1.56,28193786.25
1608.0,Phaphamau,2,1.0,5,1.0,1,1,1,9.73,9909447.0
2437.0,George Town,5,3.0,9,0.0,0,1,0,1.36,28193786.25
990.0,Sulem Sarai,2,1.0,17,0.0,0,0,1,6.77,5913525.0
1139.0,Katra,2,1.0,10,0.0,0,0,1,1.35,6738662.0
2000.0,Ashok Nagar,4,2.0,11,1.0,1,0,0,1.52,15830180.0
2260.0,Jhalwa,5,2.0,10,1.0,0,1,1,8.21,10289967.0
1132.0,Naini,3,1.0,21,0.0,1,0,0,6.4,5598410.0
1241.0,Jhunsi,1,1.0,14,1.0,0,0,1,8.71,4401667.0
816.0,Mumfordganj,2,1.0,24,1.0,1,0,1,1.76,4616306.0
884.0,Jhalwa,2,1.0,18,0.0,0,0,0,9.24,3139067.0
1728.0,Bamrauli,3,2.0,15,1.0,1,0,1,7.03,6340194.0
1373.0,Mumfordganj,2,2.0,11,1.0,0,0,0,1.81,7570050.0
1534.0,Muthiganj,4,3.0,18,1.0,1,1,1,1.5,5374131.0
1069.0,Bamrauli,2,2.0,27,1.0,1,1,1,6.33,4171492.0
750.0,Jhalwa,1,2.0,5,0.0,1,0,0,8.47,3806707.0
1442.0,Sulem Sarai,4,4.0,9,1.0,0,1,0,6.1,12437949.0
2210.0,Katra,5,4.0,4,1.0,0,0,0,1.68,17260041.0
1793.0,Naini,4,3.0,12,0.0,1,0,1,6.31,9377242.0
1217.0,Stanley Road,3,2.0,8,1.0,1,0,1,0.31,12927315.0
419.0,Katra,1,1.0,5,0.0,0,0,1,1.47,2536664.0
1443.0,Tagore Town,3,2.0,58,1.0,0,0,1,1.58,10057701.0
794.0,Ashok Nagar,2,1.0,3,0.0,0,0,1,1.95,6283435.0
1224.0,Jhalwa,3,2.0,5,0.0,0,0,1,8.44,5108562.0
1250.0,Tagore Town,3,2.0,10,1.0,0,1,0,3.07,12037305.0
1199.0,Kydganj,3,2.0,20,1.0,0,0,1,2.24,5215853.0
1006.0,Tagore Town,3,2.0,4,0.0,0,1,1,2.58,9943149.0
2147.0,George Town,3,2.0,18,1.0,0,0,1,0.9,21624867.0
1245.0,Civil Lines,4,4.0,6,0.0,0,1,1,0.71,13401438.0
2206.0,Teliyarganj,5,4.0,13,1.0,0,1,1,3.68,15603727.0
1705.0,Tagore Town,3,2.0,13,0.0,0,1,1,2.26,13910710.0
2376.0,Kydganj,6,2.0,6,1.0,1,0,1,1.85,12214669.0
2696.0,Naini,6,4.0,13,1.0,0,0,1,6.87,15675205.0
876.0,Subedarganj,2,1.0,6,1.0,1,0,0,2.44,4901037.0
997.0,Sulem Sarai,4,4.0,12,0.0,0,0,0,6.6,6771866.0
712.0,Allahpur,2,2.0,10,0.0,1,0,1,3.11,4092859.0
667.0,Sulem Sarai,2,2.0,8,1.0,1,1,1,6.36,5066984.0
1021.0,Stanley Road,3,1.0,3,0.0,1,1,1,0.89,9469372.0
2087.0,Alopibagh,5,2.0,7,1.0,0,0,1,3.62,9513545.0
1390.0,Mumfordganj,2,1.0,23,0.0,0,1,1,2.99,6972462.0
725.0,Alopibagh,3,2.0,13,0.0,0,0,0,3.47,3360751.0
1145.0,Phaphamau,2,1.0,7,1.0,1,0,0,10.28,6714564.0
1586.0,Naini,4,3.0,13,1.0,1,0,1,5.84,9078890.0
916.0,Ashok Nagar,3,2.0,32,0.0,0,0,0,1.65,5388220.0
1245.5,Teliyarganj,5,2.0,30,1.0,0,1,0,3.57,9746711.0
1042.0,George Town,2,1.0,14,1.0,0,1,1,0.99,12195202.0
1217.0,Lukerganj,1,2.0,16,1.0,0,1,0,1.75,8869179.0
1111.0,Jhalwa,3,1.0,4,1.0,0,1,0,8.54,4943083.0
1589.0,Subedarganj,4,3.0,28,0.0,0,0,1,3.51,5682949.0
1610.0,Lukerganj,3,2.0,5,1.0,1,1,0,2.01,14341505.0
1011.0,Civil Lines,3,2.0,4,0.0,0,0,1,0.71,12158757.0
577.0,Katra,1,1.0,7,0.0,0,0,1,0.76,3560289.0
1657.0,Mumfordganj,3,2.0,6,0.0,0,0,0,2.08,9967236.0
440.0,Phaphamau,2,2.0,9,1.0,0,0,1,9.8,2770828.0
984.0,Phaphamau,2,1.0,20,0.0,0,0,1,9.88,5140306.0
1357.0,Mumfordganj,3,2.0,14,1.0,0,0,0,2.32,7374237.0
1490.0,Daraganj,3,3.0,14,0.0,0,0,0,4.92,7416067.0
1726.0,Sulem Sarai,3,2.0,10,1.0,1,0,1,6.93,10590702.0
2002.0,Phaphamau,5,3.0,17,0.0,1,0,0,9.39,13627528.0
1026.0,Civil Lines,3,1.0,26,0.0,0,0,1,0.14,8568382.0
1605.0,Civil Lines,5,4.0,28,1.0,1,1,1,0.52,18444944.0
1146.0,Stanley Road,3,2.0,34,1.0,1,1,1,0.66,9799164.0
2017.0,Allahpur,4,3.0,18,0.0,1,0,1,2.53,11943508.0
496.0,Sulem Sarai,1,2.0,41,1.0,0,0,0,6.49,2929345.0
622.0,Dhoomanganj,1,1.0,6,1.0,1,0,1,3.39,3835557.0
1359.0,Katra,4,3.0,12,0.0,1,1,1,1.39,8945966.0
997.0,Jhunsi,2,2.0,5,1.0,0,0,1,9.14,4388965.0
719.0,Allahpur,1,1.0,19,0.0,1,0,0,2.6,4214560.0
1499.0,Civil Lines,3,2.0,5,0.0,0,0,1,0.52,17593982.0
1682.0,Kydganj,3,2.0,40,0.0,0,0,0,2.07,6060861.0
1655.0,Teliyarganj,2,1.0,36,0.0,1,0,1,4.14,7145290.0
1099.0,Mumfordganj,2,2.0,20,1.0,0,1,1,1.92,5779995.0
1488.0,Jhunsi,3,2.0,9,0.0,1,0,0,9.39,5040834.0
1491.0,Colonelganj,3,3.0,17,0.0,0,0,0,1.2,7888856.0
1987.0,Allahpur,4,3.0,22,1.0,0,0,0,3.0,10570309.0
1963.0,Naini,4,3.0,31,0.0,1,0,1,6.52,7735683.0
961.0,Dhoomanganj,2,2.0,31,1.0,1,0,0,3.36,4480403.0
643.0,Katra,1,1.0,3,1.0,0,1,1,1.4,4571834.0
611.0,Naini,1,1.0,7,0.0,0,0,1,6.24,3026823.0
1432.0,Colonelganj,2,2.0,3,0.0,0,0,0,1.17,9309567.0
1121.0,Mumfordganj,2,1.0,30,1.0,0,0,0,2.23,6279907.0
906.0,Alopibagh,2,2.0,12,0.0,0,0,0,3.41,3371828.0
833.0,Tagore Town,1,2.0,14,1.0,0,0,0,2.19,6511043.0
921.0,Colonelganj,2,1.0,10,1.0,0,0,1,1.11,5718807.0
1006.0,Muthiganj,2,2.0,26,1.0,1,1,0,2.58,4182040.0
1962.0,Alopibagh,5,4.0,16,1.0,0,0,0,3.19,9614969.0
545.0,Kydganj,1,1.0,22,0.0,0,0,0,1.74,2129523.0
2043.0,Ashok Nagar,5,3.0,11,1.0,0,1,1,2.04,13835172.0
1051.0,Dhoomanganj,1,1.0,14,0.0,0,1,1,2.49,4754239.0
1224.0,Allahpur,2,2.0,4,1.0,0,0,1,2.59,9029107.0
1152.0,Subedarganj,3,3.0,3,0.0,0,0,0,3.41,6329069.0
802.0,George Town,1,2.0,15,1.0,1,0,0,1.36,9291711.0
2023.0,Daraganj,5,3.0,3,0.0,0,0,1,4.38,10428556.0
1672.0,Dhoomanganj,4,4.0,10,0.0,0,0,1,4.02,7901194.0
994.0,Bamrauli,2,2.0,6,1.0,0,0,1,6.44,3740274.0
1155.0,Jhalwa,3,2.0,4,1.0,0,0,1,8.93,5612735.0
1220.0,Kydganj,2,2.0,7,1.0,0,0,1,2.07,5629048.0
2179.0,Subedarganj,5,3.0,4,0.0,1,0,0,2.95,11012288.0
1200.0,Civil Lines,2,2.0,2,1.0,0,0,0,0.52,12548933.0
884.0,Ashok Nagar,2,1.0,25,1.0,0,0,1,1.68,4871830.0
1777.0,Muthiganj,3,2.0,19,0.0,1,0,1,2.04,7222095.0
2069.0,Jhunsi,4,2.0,16,0.0,1,0,1,9.1,6531227.0
1110.0,Sulem Sarai,2,2.0,22,1.0,0,0,0,6.28,6458896.0
1263.0,Phaphamau,3,3.0,14,1.0,0,0,1,9.12,8070337.0
902.0,Naini,2,1.0,10,1.0,0,1,0,6.58,5321929.0
1101.0,Dhoomanganj,3,3.0,9,1.0,1,0,1,3.16,5834732.0
1726.0,Lukerganj,3,2.0,7,1.0,0,0,0,2.14,14339975.0
970.0,Daraganj,2,1.0,5,0.0,0,0,1,4.84,4916741.0
1311.0,Civil Lines,3,2.0,15,0.0,1,0,1,0.12,13324201.0
1571.0,Civil Lines,3,3.0,5,0.0,1,1,1,0.61,18889353.0
1485.0,Phaphamau,4,3.0,2,1.0,0,0,1,10.0,9905583.0
1086.0,Allahpur,1,1.0,21,1.0,0,0,1,2.85,5783904.0
1021.0,Teliyarganj,2,1.0,11,0.0,0,1,1,3.51,5362440.0
350.0,Jhalwa,1,1.0,2,1.0,0,0,1,8.9,1872855.0
1283.0,Stanley Road,3,3.0,8,1.0,1,0,0,1.4,13050615.0
3295.0,Jhalwa,6,4.0,6,1.0,0,0,0,8.59,18397294.0
1058.0,Katra,2,1.0,10,1.0,1,1,1,0.8,8428160.0
1186.0,George Town,3,2.0,18,0.0,1,0,1,1.57,11607663.0
1210.0,Lukerganj,2,2.0,31,1.0,0,0,0,1.49,7903232.0
661.0,Jhalwa,1,1.0,15,1.0,0,0,1,8.91,2636915.0
2677.0,Kydganj,5,4.0,16,0.0,0,1,1,1.78,13593920.0
675.0,Allahpur,1,2.0,17,1.0,1,1,1,2.96,4455527.0
1525.0,Tagore Town,3,2.0,22,1.0,0,1,1,1.95,12764179.0
925.0,Allahpur,3,2.0,17,1.0,0,1,0,3.12,5731565.0
1013.0,Bamrauli,3,2.0,18,0.0,0,0,0,6.98,3481330.0
1699.0,Civil Lines,4,2.0,4,0.0,0,1,1,0.33,18380445.0
792.0,Jhunsi,1,1.0,31,0.0,1,0,1,8.6,2138075.0
1147.0,Kydganj,3,2.0,7,1.0,0,0,1,1.84,5251345.0
2664.0,Muthiganj,6,4.0,48,1.0,0,0,0,2.03,8241612.0
1394.0,Naini,3,2.0,41,1.0,0,1,1,6.32,6443243.0
1713.0,Tagore Town,4,3.0,1,1.0,0,0,0,2.12,17163030.0
960.0,Stanley Road,2,2.0,14,1.0,1,1,0,1.11,10478378.0
1007.0,George Town,3,1.0,21,1.0,0,1,0,0.98,11198659.0
1186.0,Teliyarganj,3,2.0,5,1.0,0,0,0,4.24,7334666.0
1238.0,Allahpur,3,2.0,13,1.0,0,0,1,3.21,6985938.0
1145.0,Dhoomanganj,2,1.0,18,1.0,0,0,1,3.53,4902085.0
525.0,Teliyarganj,1,2.0,8,0.0,0,0,0,4.26,2947193.0
1329.0,Ashok Nagar,2,1.0,16,0.0,0,0,0,2.42,7838465.0
1119.0,Lukerganj,1,1.0,19,1.0,1,1,1,2.0,9598944.0
1569.0,Naini,2,2.0,4,0.0,0,0,1,6.18,8058293.0
1713.0,Subedarganj,3,2.0,6,1.0,1,0,0,2.91,9460197.0
2457.0,Daraganj,6,4.0,14,0.0,1,0,0,4.63,12817145.0
1557.0,Teliyarganj,3,2.0,13,1.0,1,1,0,4.02,10190701.0
592.0,Civil Lines,1,1.0,2,1.0,1,1,1,0.46,7424471.0
979.0,Naini,3,2.0,10,0.0,0,0,1,6.5,4761216.0
959.0,Chowk,1,1.0,13,0.0,0,0,0,1.71,4576879.0
1127.0,Subedarganj,2,2.0,15,0.0,0,0,1,3.06,5097595.0
1435.0,Muthiganj,2,2.0,32,0.0,0,0,1,2.02,4561991.0
694.0,Dhoomanganj,1,1.0,25,0.0,0,0,1,3.16,2631660.0
1489.0,Stanley Road,4,3.0,5,0.0,0,1,1,1.09,16501198.0
2089.0,Jhalwa,5,4.0,29,1.0,1,0,0,8.3,7355398.0
928.0,Dhoomanganj,3,3.0,11,1.0,0,1,0,3.38,5403234.0
981.0,Dhoomanganj,2,2.0,12,1.0,0,0,0,3.15,4467935.0
1245.5,Jhalwa,3,2.0,29,1.0,0,0,0,8.95,4381236.0
850.0,Katra,2,2.0,20,0.0,0,0,1,1.61,5035572.0
1859.0,Lukerganj,4,3.0,6,1.0,0,0,0,1.2,16245164.0
1713.0,Mumfordganj,3,2.0,10,1.0,0,0,1,1.06,10194034.0
1693.0,Allahpur,3,3.0,16,1.0,1,1,0,3.15,11838051.0
906.0,Civil Lines,1,1.0,15,0.0,0,0,0,0.43,8098580.0
910.0,Teliyarganj,3,2.0,2,1.0,0,0,0,4.12,5618753.0
1317.0,Chowk,3,3.0,16,1.0,0,1,0,1.98,6791729.0
624.0,George Town,2,1.0,21,1.0,0,1,0,0.38,6990950.0
432.0,Allahpur,2,3.0,24,0.0,1,1,1,3.55,2971832.0
1207.0,Subedarganj,3,2.0,12,1.0,0,1,1,2.88,6281624.0
1872.0,Daraganj,5,4.0,11,1.0,1,0,1,4.31,10429182.0
929.0,Bamrauli,2,1.0,8,1.0,0,0,1,7.08,3664247.0
1041.0,Ashok Nagar,1,1.0,7,1.0,1,0,1,2.73,7071990.0
1841.0,Naini,3,1.0,9,1.0,1,1,1,6.33,11097985.0
486.0,Bamrauli,1,1.0,9,0.0,0,0,0,6.57,1702755.0
1521.0,Kydganj,3,3.0,7,0.0,1,0,1,1.79,7807201.0
704.0,George Town,2,2.0,13,0.0,0,0,1,0.95,7788421.0
1359.0,Mumfordganj,3,3.0,18,0.0,0,0,0,1.82,7681012.0
737.0,Sulem Sarai,2,1.0,28,1.0,0,0,1,6.94,4705539.0
1759.0,Civil Lines,3,3.0,44,0.0,1,0,1,0.2,13847483.0
2606.0,Tagore Town,5,3.0,0,1.0,0,0,1,2.04,28193786.25
1512.0,Stanley Road,3,3.0,20,0.0,1,1,1,1.43,17359968.0
763.0,Teliyarganj,2,3.0,15,0.0,0,0,1,4.04,4217060.0
1670.0,Phaphamau,3,1.0,18,1.0,0,1,1,9.42,8301154.0
732.0,Mumfordganj,2,1.0,17,1.0,0,0,1,1.7,4548476.0
959.0,Naini,3,2.0,6,0.0,1,0,0,6.41,5055139.0
851.0,Teliyarganj,2,1.0,33,1.0,1,0,1,4.07,5073166.0
1479.0,Bamrauli,2,2.0,12,1.0,0,0,0,7.19,4806389.0
861.0,Tagore Town,3,2.0,17,0.0,0,1,0,2.08,7595057.0
986.0,Naini,3,2.0,15,0.0,0,0,1,6.27,4285484.0
977.0,Stanley Road,3,2.0,28,1.0,1,0,1,0.77,9738900.0
1319.0,Sulem Sarai,3,2.0,26,0.0,0,1,1,6.23,8739372.0
1003.0,Colonelganj,1,1.0,6,0.0,0,0,1,1.39,5258263.0
2290.0,Jhalwa,4,4.0,28,1.0,0,0,0,9.21,7950667.0
1058.0,Jhalwa,2,1.0,11,1.0,1,0,0,8.38,4303201.0
1662.0,Bamrauli,3,3.0,6,0.0,1,0,0,6.64,6967221.0
2139.0,Jhalwa,6,4.0,6,1.0,0,0,1,8.28,10045786.0
1243.0,Dhoomanganj,3,2.0,24,1.0,1,0,0,2.77,5332050.0
1209.0,Dhoomanganj,3,3.0,12,1.0,1,0,1,3.68,6127140.0
1540.0,Naini,4,3.0,5,1.0,0,0,1,6.42,8661921.0
998.0,Phaphamau,2,2.0,21,0.0,0,1,0,9.67,5002140.0
1452.0,Bamrauli,5,4.0,11,0.0,1,1,0,7.26,6360558.0
1968.0,Phaphamau,4,2.0,13,1.0,0,1,1,9.35,11385277.0
2420.0,Jhalwa,4,3.0,20,0.0,0,0,1,8.49,8787379.0
988.0,Bamrauli,2,2.0,8,0.0,1,0,1,6.81,3829874.0
1374.0,Sulem Sarai,3,2.0,24,0.0,0,1,0,6.44,8262441.0
797.0,Subedarganj,1,1.0,11,0.0,1,0,1,3.07,3752397.0
2115.0,Lukerganj,4,3.0,10,1.0,0,0,0,1.89,17827829.0
1801.0,Naini,3,3.0,10,0.0,0,0,1,6.45,7984066.0
1208.0,Jhalwa,3,2.0,13,1.0,0,0,0,8.3,4844850.0
1471.0,Tagore Town,3,2.0,22,0.0,1,0,0,2.13,12995353.0
1574.0,George Town,5,3.0,10,1.0,1,1,1,1.77,18611046.0
1538.0,Katra,3,2.0,8,1.0,0,0,1,1.22,9833301.0
1262.0,Daraganj,3,2.0,19,1.0,1,0,0,4.35,6808358.0
2181.0,Daraganj,4,3.0,26,0.0,0,0,0,4.79,10412026.0
3774.75,Kydganj,2,1.0,2,1.0,0,0,0,2.11,23007360.0
1307.0,Allahpur,2,1.0,10,0.0,1,0,0,3.41,6795038.0
762.0,Teliyarganj,2,2.0,16,1.0,1,0,0,3.5,4317691.0
2726.0,Civil Lines,5,4.0,12,1.0,0,1,0,0.29,28193786.25
1369.0,Stanley Road,3,3.0,3,0.0,0,1,1,0.84,14205943.0
1095.0,George Town,3,3.0,18,1.0,0,0,1,1.81,12287954.0
1833.0,Daraganj,4,3.0,7,1.0,1,0,1,4.67,11133606.0
1981.0,Lukerganj,5,4.0,3,1.0,0,1,0,1.74,17198479.0
864.0,Sulem Sarai,2,2.0,2,1.0,0,0,0,6.94,7421529.0
969.0,Daraganj,2,1.0,1,0.0,1,0,1,5.02,5730190.0
1245.0,Civil Lines,3,2.0,10,0.0,0,0,1,0.95,12660957.0
756.0,Stanley Road,1,1.0,24,0.0,0,0,0,0.39,5112062.0
2063.0,Teliyarganj,4,3.0,15,0.0,1,1,1,4.47,12334332.0
2062.0,Ashok Nagar,4,3.0,8,1.0,0,0,0,2.1,13997170.0
1910.0,Kydganj,4,3.0,22,0.0,0,0,1,1.92,9138136.0
2205.0,Civil Lines,5,2.0,10,1.0,1,0,1,0.99,23164597.0
967.0,Colonelganj,1,1.0,6,1.0,1,0,0,0.73,6181010.0
1181.0,Teliyarganj,2,1.0,18,1.0,0,0,0,4.27,6222654.0
1014.0,Jhunsi,2,1.0,44,1.0,0,0,1,9.14,2642454.0
1384.0,George Town,3,3.0,3,1.0,1,0,1,1.22,16709949.0
1658.0,Katra,3,2.0,20,0.0,0,0,0,1.48,9025728.0
762.0,Sulem Sarai,1,2.0,13,1.0,1,0,1,5.62,4700356.0
1109.0,Bamrauli,2,2.0,12,1.0,0,0,1,7.16,4471560.0
801.0,Alopibagh,2,1.0,28,0.0,0,0,0,3.39,2724021.0
2548.0,Alopibagh,5,4.0,15,1.0,1,0,0,2.72,11945490.0
1371.0,Jhunsi,3,2.0,20,1.0,1,0,1,8.56,4871435.0
1271.0,Chowk,2,1.0,11,0.0,1,0,1,1.55,7597582.0
714.0,Jhalwa,2,3.0,34,0.0,0,0,1,8.8,2305135.0
1059.0,Naini,3,3.0,24,1.0,0,1,1,6.94,5496968.0
1404.0,Sulem Sarai,3,2.0,6,0.0,0,0,0,6.18,8685153.0
755.0,Allahpur,1,1.0,40,0.0,1,0,0,3.42,3350730.0
1017.0,Civil Lines,2,2.0,8,1.0,0,1,1,0.48,11226668.0
876.0,Alopibagh,1,2.0,10,1.0,0,0,1,3.38,3549563.0
1175.0,Dhoomanganj,2,2.0,14,1.0,0,0,1,3.12,6065830.0
1018.0,Kydganj,1,1.0,22,1.0,0,0,0,2.2,4018074.0
2804.0,Jhunsi,6,4.0,3,0.0,1,0,1,9.61,11958409.0
1748.0,Kydganj,4,3.0,46,1.0,1,0,1,1.87,5989906.0
588.0,Bamrauli,1,1.0,7,1.0,0,0,0,7.51,2333189.0
1718.0,Stanley Road,4,4.0,14,1.0,1,0,1,0.91,16055698.0
1416.0,Naini,3,3.0,13,1.0,0,1,1,6.51,7220396.0
1144.0,Jhalwa,3,2.0,16,0.0,1,0,1,8.87,4761230.0
901.0,Katra,2,1.0,4,0.0,1,0,1,1.27,6998425.0
962.0,Stanley Road,2,2.0,13,1.0,0,0,0,0.36,9098000.0
1932.0,Phaphamau,3,2.0,8,1.0,1,0,1,10.38,13689000.0
1392.0,Dhoomanganj,3,3.0,4,1.0,1,1,0,3.03,7511525.0
2947.0,Kydganj,6,4.0,6,0.0,0,0,0,1.56,14677719.0
993.0,Muthiganj,1,1.0,54,0.0,0,0,0,1.57,2981457.0
1707.0,Naini,3,1.0,12,0.0,0,1,1,6.36,8098411.0
2481.0,Dhoomanganj,5,4.0,2,1.0,0,1,1,3.46,17377383.0
3312.0,Katra,6,4.0,18,1.0,0,0,0,1.04,21771562.0
976.0,Chowk,4,3.0,7,0.0,1,0,1,1.61,5334819.0
1441.0,Daraganj,3,3.0,14,1.0,0,0,0,4.28,6701617.0
630.0,Dhoomanganj,2,1.0,18,1.0,0,0,0,2.94,3338405.0
1082.0,Sulem Sarai,2,2.0,2,1.0,0,0,1,6.29,7348364.0
1723.0,Naini,3,2.0,8,1.0,1,0,1,6.35,9276399.0
1062.0,Mumfordganj,3,3.0,8,0.0,0,0,0,1.85,6101814.0
656.0,Dhoomanganj,1,2.0,5,1.0,0,1,0,3.99,3577878.0
2070.0,Stanley Road,5,4.0,17,0.0,0,1,0,0.19,19040780.0
2014.0,Colonelganj,4,4.0,16,0.0,0,0,0,0.98,10614243.0
1157.0,Muthiganj,2,2.0,12,0.0,0,0,1,2.06,4657422.0
502.0,Jhunsi,1,1.0,7,1.0,0,0,0,8.5,1869671.0
1429.0,Teliyarganj,3,3.0,20,1.0,0,1,0,4.61,8229735.0
1088.0,Tagore Town,1,1.0,7,0.0,1,0,0,2.77,10646446.0
2285.0,Mumfordganj,5,4.0,10,1.0,1,0,1,1.97,17059470.0
1410.0,Civil Lines,3,2.0,12,1.0,0,0,0,0.37,15247654.0
708.0,Stanley Road,2,2.0,17,1.0,0,1,1,0.98,7687239.0
1422.0,Civil Lines,3,2.0,12,1.0,0,1,1,0.34,15628624.0
1290.0,Lukerganj,2,1.0,13,0.0,0,0,1,2.17,9614127.0
1257.0,Naini,3,1.0,26,1.0,0,0,1,6.58,5288305.0
950.0,Subedarganj,2,2.0,10,1.0,0,0,1,2.98,4647186.0
1672.0,Dhoomanganj,3,3.0,11,1.0,1,1,1,3.27,9189780.0
1219.0,Teliyarganj,3,2.0,20,1.0,0,0,1,4.63,7333639.0
2123.0,Daraganj,5,4.0,8,1.0,0,0,0,4.57,11592661.0
1019.0,George Town,2,1.0,4,1.0,0,0,1,1.59,13814303.0
1043.0,Dhoomanganj,2,2.0,19,0.0,0,0,1,2.9,4470830.0
2052.0,Lukerganj,4,3.0,31,0.0,0,0,0,1.15,12073204.0
1034.0,Jhalwa,2,2.0,19,1.0,0,1,1,8.34,4311685.0
1614.0,Civil Lines,3,2.0,8,1.0,0,1,0,0.55,17103654.0
1252.0,Colonelganj,3,1.0,24,0.0,1,0,1,0.84,7195435.0
1694.0,Sulem Sarai,4,4.0,15,0.0,1,0,1,6.86,10603014.0
681.0,Jhalwa,1,1.0,5,1.0,0,0,1,8.95,3152066.0
1170.0,Tagore Town,3,2.0,14,0.0,1,0,1,1.78,8860976.0
872.0,Muthiganj,1,1.0,24,0.0,0,0,0,2.19,2545521.0
692.0,Mumfordganj,1,2.0,10,1.0,0,0,0,1.81,4530855.0
3774.75,Allahpur,6,4.0,18,1.0,1,0,0,3.55,28193786.25
847.0,Naini,1,1.0,15,1.0,0,0,0,5.7,3974595.0
1505.0,Sulem Sarai,3,2.0,8,0.0,0,0,0,6.22,9156076.0
1043.0,Allahpur,2,1.0,21,1.0,1,1,0,3.17,6543677.0
1818.0,Mumfordganj,4,3.0,8,1.0,1,1,0,1.83,11916938.0
864.0,Sulem Sarai,2,1.0,21,0.0,1,0,1,6.7,5420350.0
1515.0,George Town,3,2.0,21,0.0,0,1,1,2.15,15814313.0
770.0,Jhalwa,3,3.0,6,0.0,0,0,0,9.35,2865367.0
1702.0,George Town,4,2.0,21,1.0,0,0,1,1.69,16439995.0
1230.0,Stanley Road,3,3.0,9,0.0,0,1,0,0.4,11517864.0
714.0,Katra,2,2.0,7,0.0,1,1,1,0.91,4949333.0
1431.0,Lukerganj,3,1.0,8,0.0,0,0,1,1.79,10889988.0
1869.0,Naini,4,3.0,7,1.0,0,1,0,5.87,10385511.0
1222.0,Dhoomanganj,4,3.0,26,1.0,1,0,1,2.79,5858881.0
3051.0,Jhalwa,6,4.0,52,0.0,1,0,1,8.22,10612792.0
1560.0,Allahpur,3,2.0,21,1.0,0,0,1,3.22,10031141.0
528.0,Daraganj,1,1.0,11,1.0,0,1,1,4.13,3207811.0
2143.0,Colonelganj,4,3.0,23,0.0,0,0,0,1.38,11247118.0
2604.0,Teliyarganj,6,4.0,5,0.0,0,0,1,3.65,18265207.0
1665.0,Jhalwa,4,2.0,5,0.0,0,0,1,8.44,6329397.0
1291.0,Jhalwa,3,2.0,19,1.0,0,0,1,8.85,5256226.0
935.0,Naini,1,1.0,14,1.0,0,0,0,6.08,4643981.0
1369.0,Katra,3,3.0,11,1.0,0,0,1,1.19,8144027.0
909.0,Jhalwa,2,1.0,5,1.0,0,0,1,8.51,4296858.0
1321.0,Civil Lines,2,2.0,3,1.0,0,1,1,0.32,15833111.0
2233.0,Dhoomanganj,4,4.0,6,0.0,0,0,1,2.99,10368842.0
1335.0,Lukerganj,3,2.0,15,0.0,0,1,1,2.07,9490392.0
2058.0,Ashok Nagar,4,4.0,10,1.0,0,0,1,1.93,13715461.0
943.0,Sulem Sarai,2,1.0,5,0.0,0,0,1,6.91,6567117.0
2270.0,Dhoomanganj,6,4.0,13,1.0,0,0,1,3.03,10905365.0
836.0,Allahpur,3,3.0,13,0.0,0,0,1,2.78,5007602.0
893.0,Naini,3,2.0,3,1.0,0,0,1,6.62,5671087.0
2137.0,Naini,5,3.0,11,0.0,0,1,1,5.91,10864490.0
702.0,Naini,1,2.0,19,1.0,0,0,1,6.67,3550899.0
960.0,Tagore Town,3,2.0,16,1.0,0,0,1,1.28,9161972.0
594.0,Jhunsi,1,1.0,20,1.0,0,0,0,9.05,1855339.0
1748.0,Stanley Road,3,3.0,14,0.0,0,0,0,0.47,15715158.0
1205.0,Alopibagh,3,3.0,9,0.0,1,0,0,3.41,5051423.0
1395.0,Tagore Town,3,3.0,18,0.0,0,0,1,2.89,10855807.0
1366.0,Jhunsi,3,3.0,22,1.0,0,1,0,9.17,5090755.0
782.0,Teliyarganj,1,2.0,17,0.0,0,0,0,4.18,4973729.0
857.0,Sulem Sarai,2,3.0,1,0.0,0,1,1,6.46,7175230.0
1240.0,Civil Lines,3,2.0,9,1.0,0,0,0,0.5,12410334.0
1046.0,Sulem Sarai,2,2.0,31,1.0,0,0,0,6.53,6187237.0
1247.0,Jhalwa,3,2.0,22,1.0,0,0,1,8.51,4935195.0
1529.0,Daraganj,3,2.0,9,1.0,1,0,1,4.24,8326490.0
759.0,Jhalwa,2,2.0,3,0.0,1,0,1,9.28,3299882.0
1514.0,Muthiganj,4,3.0,4,1.0,1,0,0,2.39,7676097.0
1484.0,Civil Lines,3,3.0,25,1.0,1,1,1,0.52,14671542.0
875.0,Naini,2,2.0,13,1.0,1,0,1,7.37,5244085.0
776.0,Civil Lines,2,2.0,3,1.0,1,1,0,0.26,10255579.0
1643.0,Daraganj,4,3.0,13,1.0,1,0,1,4.16,8272564.0
1895.0,Allahpur,4,3.0,8,0.0,1,1,1,2.79,11279837.0
2725.0,Chowk,6,4.0,23,1.0,0,0,1,1.79,13997441.0
1773.0,Sulem Sarai,3,2.0,16,1.0,0,0,1,5.82,12433474.0
1049.0,Ashok Nagar,2,2.0,16,0.0,1,1,1,1.65,7045850.0
1119.0,Chowk,2,2.0,42,1.0,0,0,1,1.44,4664577.0
1372.0,Civil Lines,4,2.0,3,1.0,1,1,1,0.2,17709593.0
2215.0,Subedarganj,4,3.0,6,1.0,0,0,1,3.6,11116541.0
1353.0,Civil Lines,3,2.0,9,0.0,0,0,1,0.92,12576148.0
956.0,Chowk,2,2.0,24,1.0,0,0,1,1.17,5130038.0
789.0,Sulem Sarai,2,2.0,7,1.0,0,1,1,6.52,6825151.0
1002.0,Allahpur,3,2.0,1,1.0,0,1,1,3.23,7425151.0
1018.0,Mumfordganj,3,2.0,3,0.0,0,0,1,2.25,7209310.0
1276.0,Phaphamau,3,3.0,21,1.0,0,1,1,9.89,7418683.0
1383.0,Jhalwa,4,3.0,18,0.0,0,0,0,8.41,5032020.0
1030.0,Naini,1,1.0,17,0.0,1,0,0,6.27,4923793.0
612.0,Phaphamau,3,2.0,19,0.0,0,0,1,9.74,3039665.0
1132.0,Allahpur,3,2.0,9,1.0,0,0,1,3.22,6964747.0
1101.0,Subedarganj,2,2.0,24,0.0,0,1,0,3.62,4801283.0
1599.0,Jhunsi,3,3.0,9,0.0,0,0,0,8.64,5089451.0
833.0,Katra,2,2.0,14,1.0,1,0,1,1.69,5188520.0
966.0,Naini,2,1.0,23,0.0,0,0,1,6.15,4675159.0
738.0,Jhunsi,2,2.0,12,0.0,1,0,0,8.49,3397473.0
2238.0,Ashok Nagar,5,4.0,7,1.0,0,0,1,1.81,17746155.0
957.0,Naini,3,2.0,3,1.0,0,0,0,6.03,5799305.0
2619.0,Stanley Road,5,4.0,7,0.0,0,1,1,0.71,28193786.25
827.0,Bamrauli,2,1.0,25,0.0,0,0,1,7.15,2614995.0
2119.0,Daraganj,4,3.0,20,1.0,1,1,0,4.28,10930312.0
1295.0,Jhunsi,3,1.0,34,0.0,0,0,0,8.55,3184999.0
1881.0,Subedarganj,6,4.0,5,0.0,0,0,1,2.91,11836493.0
1899.0,Bamrauli,3,2.0,11,1.0,1,1,0,6.84,6888666.0
1476.0,Alopibagh,3,2.0,14,0.0,0,0,1,2.81,5599318.0
887.0,Colonelganj,2,1.0,16,1.0,0,1,0,1.29,5276782.0
945.0,Katra,2,1.0,12,0.0,1,0,0,1.75,5418470.0
560.0,Teliyarganj,1,2.0,10,1.0,0,0,1,4.5,3474604.0
1375.0,Subedarganj,3,3.0,37,0.0,0,0,1,3.01,5177483.0
1304.0,Naini,2,1.0,27,1.0,0,0,0,7.23,5806549.0
1926.0,Kydganj,4,2.0,15,0.0,1,0,0,2.22,8195960.0
716.0,Jhunsi,1,1.0,7,0.0,0,0,0,8.68,2590124.0
1081.0,Dhoomanganj,3,1.0,2,1.0,1,0,0,2.68,7108600.0
2184.0,Teliyarganj,5,4.0,22,0.0,0,0,1,4.29,13258431.0
708.0,Jhunsi,2,2.0,19,0.0,0,0,1,9.03,2223955.0
1640.0,Ashok Nagar,5,4.0,24,0.0,0,1,0,1.83,10862942.0
582.0,Naini,2,2.0,13,1.0,1,0,1,5.98,3532628.0
1066.0,Bamrauli,3,1.0,19,1.0,1,0,1,6.96,3841885.0
638.0,Daraganj,1,1.0,9,1.0,0,1,0,3.56,3154376.0
937.0,Mumfordganj,1,1.0,27,0.0,0,0,1,1.64,4446525.0
1491.0,Naini,4,3.0,5,1.0,0,0,0,6.42,8967449.0
834.0,Allahpur,2,2.0,51,0.0,0,0,1,3.26,3687022.0
2205.0,Chowk,4,3.0,7,1.0,0,1,0,2.1,12829069.0
2151.0,Bamrauli,5,4.0,22,0.0,1,1,1,6.54,7713903.0
897.0,Teliyarganj,1,2.0,25,0.0,0,0,0,4.06,4206994.0
1209.0,Jhunsi,2,2.0,8,1.0,0,0,1,8.93,4725353.0
2830.0,Jhalwa,6,4.0,13,0.0,0,0,0,8.88,11872756.0
874.0,Jhalwa,1,1.0,15,1.0,1,0,1,8.75,3640072.0
1068.0,Sulem Sarai,2,1.0,5,0.0,1,0,0,6.85,7278613.0
1621.0,Tagore Town,1,1.0,5,1.0,1,0,1,2.79,15611388.0
1295.0,Tagore Town,3,2.0,3,0.0,0,1,1,2.03,11491929.0
2446.0,Katra,5,4.0,4,1.0,1,1,1,2.04,17392010.0
3774.75,Naini,6,4.0,11,1.0,0,0,1,6.95,20518494.0
2095.0,Naini,6,4.0,9,0.0,1,1,0,6.18,9748994.0
823.0,Mumfordganj,2,1.0,5,0.0,0,0,0,2.05,5282387.0
856.0,George Town,3,2.0,9,1.0,0,1,0,0.89,10341745.0
1385.0,Sulem Sarai,3,2.0,16,1.0,0,0,1,7.8,9332999.0
1178.0,Jhalwa,3,2.0,12,0.0,0,0,1,8.68,5185926.0
674.0,Allahpur,1,1.0,11,1.0,1,0,0,3.34,5366187.0
1624.0,Sulem Sarai,4,2.0,13,1.0,0,0,0,6.99,10956602.0
1688.0,Subedarganj,4,4.0,4,1.0,0,0,0,3.42,10348275.0
2442.0,Bamrauli,6,4.0,18,1.0,1,0,1,6.84,8755288.0
1292.0,Naini,4,3.0,3,1.0,0,0,0,5.7,7714971.0
998.0,Dhoomanganj,2,2.0,7,1.0,1,0,1,3.19,5083480.0
1081.0,Colonelganj,2,2.0,14,1.0,1,1,0,0.72,7431510.0
1131.0,Chowk,3,1.0,48,0.0,1,0,0,1.55,4670030.0
921.0,Jhalwa,2,2.0,34,0.0,0,0,1,8.52,3093182.0
1857.0,George Town,5,3.0,5,0.0,0,1,0,1.54,23932340.0
2304.0,Sulem Sarai,5,4.0,10,1.0,1,0,1,5.53,16230729.0
1923.0,Tagore Town,3,2.0,5,1.0,1,1,0,1.99,19497724.0
1655.0,Dhoomanganj,2,1.0,16,0.0,0,0,1,3.16,7382188.0
1653.0,Phaphamau,3,2.0,7,1.0,1,1,1,9.9,10045920.0
1981.0,Naini,3,3.0,9,1.0,1,0,1,6.37,10345873.0
827.0,Civil Lines,2,3.0,1,0.0,0,0,1,0.75,8868319.0
1496.0,Kydganj,3,2.0,1,1.0,1,0,0,1.98,7185890.0
1674.0,Mumfordganj,5,3.0,5,1.0,1,1,1,1.99,12009725.0
1663.0,Colonelganj,4,3.0,1,1.0,0,0,0,0.94,11785459.0
1533.0,Ashok Nagar,2,1.0,7,0.0,1,1,1,2.59,10490696.0
2557.0,Jhunsi,4,2.0,3,1.0,0,0,1,8.77,10515541.0
1259.0,Ashok Nagar,3,2.0,7,1.0,1,0,1,2.09,9552590.0
1274.0,Tagore Town,2,2.0,11,1.0,0,0,0,2.12,10117420.0
1245.5,Naini,2,2.0,15,1.0,1,0,0,6.6,3771324.0
1573.0,Naini,4,3.0,1,0.0,1,0,0,7.24,9683658.0
938.0,Teliyarganj,2,2.0,19,1.0,0,0,1,3.78,5974976.0
1039.0,Civil Lines,2,1.0,21,0.0,0,0,1,0.08,10317594.0
810.0,Sulem Sarai,1,1.0,9,1.0,0,1,1,6.65,5872606.0
600.0,Jhunsi,1,1.0,22,0.0,0,0,1,9.08,1838870.0
827.0,Sulem Sarai,1,1.0,12,1.0,1,0,1,6.35,5889049.0
1390.0,Bamrauli,2,2.0,14,0.0,0,0,1,7.15,4313542.0
1351.0,George Town,2,2.0,11,1.0,1,1,0,1.62,15231873.0
1274.0,Ashok Nagar,3,3.0,21,1.0,0,0,0,2.5,8323025.0
1736.0,Naini,4,4.0,42,1.0,0,0,0,5.87,7066248.0
978.0,Subedarganj,1,1.0,12,1.0,0,0,1,3.27,4498438.0
655.0,Sulem Sarai,1,1.0,16,1.0,0,0,1,7.07,4166766.0
1577.0,Colonelganj,3,3.0,5,1.0,1,0,0,1.44,12883779.0
1138.0,Jhalwa,1,1.0,15,1.0,1,0,1,8.17,4095923.0
506.0,Jhunsi,2,1.0,34,1.0,0,0,1,9.14,1672922.0
1023.0,Civil Lines,2,2.0,14,1.0,1,0,0,1.06,10194646.0
1316.0,Teliyarganj,3,3.0,9,1.0,1,0,0,3.81,8510331.0
2465.0,Civil Lines,5,4.0,2,1.0,0,1,1,0.46,27265088.0
451.0,Daraganj,2,1.0,26,1.0,1,0,0,4.51,2472681.0
353.0,Jhalwa,2,2.0,14,1.0,1,0,1,8.96,1602062.0
968.0,Kydganj,4,4.0,25,1.0,0,0,1,2.71,4270517.0
1849.0,Allahpur,4,3.0,11,0.0,0,0,1,2.64,10465850.0
1070.0,Sulem Sarai,2,2.0,7,1.0,0,1,1,6.8,7473911.0
556.0,Jhunsi,1,1.0,9,1.0,0,0,1,9.42,2008586.0
1729.0,Naini,3,3.0,25,1.0,0,0,1,6.35,8963151.0
1050.0,Naini,2,1.0,10,0.0,0,0,0,6.68,4717028.0
1260.0,Kydganj,3,2.0,7,1.0,0,0,1,2.15,5979919.0
2090.0,Katra,5,4.0,19,0.0,0,0,0,0.86,12804534.0
1139.0,Jhunsi,3,3.0,12,0.0,0,0,1,8.5,3865088.0
1378.0,Allahpur,2,2.0,2,1.0,1,0,0,2.99,8850762.0
1353.0,Jhunsi,2,1.0,5,0.0,0,0,1,9.02,4339665.0
3774.75,Katra,6,4.0,58,1.0,0,0,1,1.53,21599227.0
1112.0,Phaphamau,2,3.0,8,1.0,0,0,1,8.62,6998944.0
1406.0,Civil Lines,3,2.0,18,1.0,0,1,0,0.39,14452057.0
1578.0,Bamrauli,4,3.0,8,1.0,0,0,0,7.21,6734558.0
1544.0,Ashok Nagar,3,2.0,17,1.0,0,0,1,2.56,11072480.0
1005.0,Stanley Road,4,3.0,3,1.0,0,1,0,0.74,13873229.0
1026.0,Muthiganj,3,2.0,30,1.0,1,0,1,1.21,3666209.0
1003.0,Jhalwa,2,2.0,17,1.0,1,0,1,8.82,4297778.0
872.0,George Town,1,1.0,9,0.0,1,0,1,1.7,10729345.0
1287.0,Stanley Road,3,2.0,8,0.0,0,1,1,0.84,13411906.0
1382.0,Daraganj,3,2.0,10,0.0,0,0,1,4.2,7310922.0
709.0,Civil Lines,1,1.0,16,1.0,1,1,1,0.47,7360055.0
2781.0,Civil Lines,5,3.0,7,1.0,0,1,1,0.17,28193786.25
1370.0,Civil Lines,3,3.0,15,1.0,1,0,1,0.75,13796431.0
1245.0,Katra,2,2.0,19,1.0,0,1,0,1.3,7780883.0
1203.0,Sulem Sarai,2,1.0,21,1.0,0,0,0,6.8,7208498.0
980.0,Mumfordganj,2,2.0,25,1.0,0,0,0,1.67,5359975.0
847.0,Allahpur,2,1.0,11,1.0,0,0,1,3.15,5081111.0
722.0,Jhunsi,2,2.0,10,0.0,0,0,0,8.66,2466926.0
1393.0,Chowk,4,4.0,15,1.0,0,0,0,1.95,8411977.0
2406.0,George Town,6,4.0,3,0.0,0,1,0,1.49,28193786.25
1731.0,Tagore Town,3,2.0,2,1.0,0,1,1,1.82,17465790.0
1031.0,George Town,2,2.0,10,0.0,0,1,0,0.95,12279283.0
1538.0,Subedarganj,3,3.0,26,0.0,0,0,1,3.39,6431071.0
1134.0,Ashok Nagar,3,2.0,20,0.0,0,1,1,2.26,7355877.0
1394.0,Civil Lines,3,2.0,7,0.0,0,0,1,0.4,14472839.0
874.0,Chowk,1,1.0,11,1.0,1,0,1,1.68,4602421.0
1083.0,Phaphamau,2,2.0,20,1.0,0,0,0,9.58,5981883.0
503.0,Katra,1,1.0,13,0.0,0,0,1,1.65,2718792.0
986.0,Jhalwa,2,2.0,3,1.0,1,0,0,8.31,4819858.0
788.0,Allahpur,1,1.0,25,0.0,0,0,1,3.24,3683494.0
462.0,Dhoomanganj,1,1.0,33,0.0,0,0,0,3.2,1803367.0
742.0,Naini,1,2.0,4,0.0,1,0,0,6.07,4395289.0
1207.0,Ashok Nagar,2,1.0,4,0.0,1,1,1,2.76,8823847.0
796.0,Dhoomanganj,2,1.0,11,0.0,0,0,0,2.73,3436303.0
2329.0,Naini,4,3.0,6,1.0,0,0,1,6.66,13241959.0
1009.0,Jhunsi,1,2.0,30,1.0,1,0,1,9.03,3212500.0
1161.0,Mumfordganj,3,3.0,6,1.0,0,0,1,2.04,7712726.0
1243.0,Jhalwa,2,1.0,14,1.0,1,0,0,8.58,5653959.0
1190.0,Tagore Town,3,2.0,34,0.0,1,0,1,1.91,8220615.0
2034.0,Phaphamau,5,4.0,28,1.0,1,0,0,9.38,11339408.0
702.0,Subedarganj,1,1.0,3,1.0,0,0,1,3.09,3846117.0
1931.0,Teliyarganj,3,1.0,9,0.0,0,1,0,4.64,11837602.0
1600.0,Bamrauli,4,3.0,6,1.0,1,0,1,7.52,6918151.0
1393.0,Lukerganj,4,2.0,7,0.0,0,0,0,1.91,10702850.0
1221.0,Naini,2,1.0,7,0.0,1,0,0,6.63,5273706.0
1174.0,Mumfordganj,4,3.0,37,0.0,0,0,1,1.91,5856524.0
2053.0,Lukerganj,4,3.0,17,0.0,0,1,0,1.16,14987623.0
1454.0,Naini,3,4.0,4,0.0,0,0,1,6.45,7848398.0
1386.0,George Town,3,3.0,10,0.0,0,0,0,1.98,13960088.0
1476.0,Allahpur,3,2.0,13,1.0,0,0,0,2.98,8782337.0
987.0,Jhalwa,2,1.0,18,1.0,1,1,1,8.95,4006007.0
1013.0,Allahpur,1,1.0,3,1.0,0,1,1,3.02,6249975.0
1361.0,Kydganj,2,2.0,2,0.0,0,0,1,1.43,6509405.0
1779.0,Jhalwa,4,3.0,38,0.0,0,0,0,8.76,6117674.0
1577.0,Ashok Nagar,3,2.0,51,0.0,1,0,1,1.9,8179841.0
2254.0,Kydganj,5,4.0,16,1.0,0,0,1,2.34,11199551.0
1245.5,Phaphamau,2,2.0,43,1.0,0,0,1,9.93,5247500.0
1579.0,Teliyarganj,3,2.0,13,0.0,0,0,1,4.52,9058369.0
704.0,Allahpur,2,1.0,13,0.0,0,0,1,2.86,3707800.0
779.0,Dhoomanganj,2,1.0,8,0.0,1,0,0,2.33,4199658.0
656.0,Tagore Town,1,1.0,9,0.0,0,0,1,2.94,5026199.0
1245.5,Kydganj,2,2.0,15,1.0,1,0,1,2.02,6816818.0
1466.0,Ashok Nagar,2,2.0,0,1.0,0,0,1,1.83,10848110.0
2184.0,Daraganj,5,3.0,3,0.0,0,0,1,4.51,11253749.0
1600.0,Sulem Sarai,3,3.0,3,1.0,1,0,1,6.86,12860147.0
1272.0,Stanley Road,2,1.0,9,0.0,0,1,0,0.56,11943776.0
820.0,Colonelganj,2,2.0,7,1.0,0,0,0,0.97,4917846.0
2552.0,Jhalwa,4,3.0,14,0.0,1,0,0,8.96,8549129.0
1853.0,Jhalwa,4,3.0,16,1.0,0,0,1,8.32,7447013.0
1603.0,Bamrauli,4,3.0,30,0.0,1,0,1,6.38,5513706.0
492.0,Allahpur,1,1.0,18,1.0,0,0,0,2.92,3153387.0
1028.0,Colonelganj,3,3.0,17,0.0,1,0,1,0.63,6516360.0
1067.0,Subedarganj,3,2.0,22,0.0,0,0,0,3.48,4829845.0
1012.0,Daraganj,3,3.0,16,0.0,0,0,1,4.53,5428074.0
2161.0,Naini,5,3.0,16,1.0,1,0,1,6.69,12885373.0
1275.0,Ashok Nagar,3,1.0,5,0.0,0,0,0,1.94,8576581.0
2658.0,Alopibagh,6,4.0,10,1.0,0,0,1,2.77,12808366.0
1580.0,Bamrauli,4,2.0,10,1.0,0,0,0,6.73,6978492.0
948.0,Jhunsi,2,1.0,22,1.0,0,0,0,9.39,3276242.0
1075.0,George Town,3,2.0,12,0.0,0,1,1,0.71,12430964.0
1225.0,Bamrauli,4,4.0,7,1.0,0,0,1,7.06,5026229.0
814.0,Mumfordganj,1,1.0,23,1.0,0,0,1,2.29,4498381.0
1211.0,Daraganj,2,1.0,13,1.0,0,0,1,4.67,5562570.0
848.0,Naini,2,1.0,23,1.0,0,0,1,5.89,4260337.0
672.0,Muthiganj,1,1.0,11,1.0,1,0,0,2.24,3037900.0
1312.0,Naini,3,2.0,7,1.0,0,0,1,6.74,6893920.0
1877.0,Jhunsi,4,2.0,14,0.0,0,0,1,8.82,5692978.0
1266.0,Muthiganj,3,2.0,12,1.0,0,0,1,1.94,5109663.0
999.0,Naini,2,1.0,16,0.0,1,0,0,6.2,4485039.0
1868.0,Jhalwa,5,3.0,11,1.0,0,0,0,8.07,7705037.0
1440.0,Bamrauli,2,2.0,28,1.0,0,0,0,7.0,4660108.0
570.0,Kydganj,1,1.0,10,1.0,1,1,1,1.59,3715176.0
726.0,Subedarganj,1,1.0,15,0.0,1,0,1,3.18,3382349.0
763.0,Phaphamau,2,1.0,10,1.0,0,0,0,9.8,4350104.0
1259.0,Bamrauli,3,2.0,7,1.0,0,0,0,6.81,5847900.0
1778.0,Teliyarganj,3,2.0,14,1.0,1,0,1,4.53,12690810.0
1227.0,Jhalwa,2,1.0,22,0.0,0,0,0,8.3,4383321.0
1009.0,Ashok Nagar,3,1.0,6,1.0,1,0,1,2.46,7661811.0
1053.0,Ashok Nagar,2,2.0,3,0.0,0,0,0,1.88,6875071.0
1989.0,Civil Lines,2,2.0,25,1.0,0,0,1,0.16,18276167.0
1245.5,Kydganj,3,2.0,3,1.0,0,1,1,1.78,6373824.0
1472.0,Civil Lines,3,2.0,40,1.0,1,1,1,0.19,12827174.0
588.0,Allahpur,1,1.0,4,1.0,0,0,0,2.91,3625584.0
590.0,Katra,1,1.0,13,0.0,0,1,1,2.12,3247892.0
704.0,Lukerganj,1,1.0,11,0.0,1,0,1,1.62,5546226.0
528.0,Civil Lines,1,1.0,32,0.0,1,1,1,0.76,5367975.0
1062.0,Alopibagh,3,2.0,17,1.0,0,1,1,3.46,4459897.0
495.0,Naini,1,2.0,11,0.0,0,0,1,6.7,2339261.0
753.0,Lukerganj,1,2.0,6,1.0,0,0,1,1.97,5981753.0
1827.0,Ashok Nagar,5,4.0,27,1.0,1,0,1,2.41,10706080.0
865.0,Tagore Town,2,1.0,30,1.0,0,0,0,2.01,6613269.0
984.0,Muthiganj,1,1.0,20,0.0,1,0,1,2.08,4069543.0
1536.0,Tagore Town,3,3.0,7,1.0,0,0,1,1.85,14841034.0
1063.0,Sulem Sarai,3,2.0,6,0.0,0,0,1,7.16,7283930.0
2102.0,Mumfordganj,5,4.0,7,1.0,0,0,1,1.98,14604953.0
2167.0,Tagore Town,5,4.0,9,1.0,1,0,1,2.73,19560995.0
1606.0,Civil Lines,3,3.0,44,1.0,1,1,1,0.05,14398956.0
2673.0,Civil Lines,6,4.0,41,0.0,0,0,1,0.09,20015584.0
752.0,Subedarganj,1,1.0,9,0.0,1,0,0,3.22,3527454.0
850.0,Jhalwa,2,2.0,5,1.0,0,0,1,8.99,3604002.0
1150.0,Kydganj,2,1.0,8,0.0,1,0,1,1.09,4883317.0
1138.0,Civil Lines,2,1.0,14,1.0,0,0,1,0.7,10812889.0
634.0,George Town,1,1.0,19,1.0,0,1,1,1.42,7436874.0
1257.0,Bamrauli,3,2.0,41,1.0,1,0,1,6.37,4256553.0
1051.0,Allahpur,2,2.0,7,0.0,1,1,0,2.7,5848778.0
1080.0,Dhoomanganj,2,4.0,26,1.0,0,0,1,3.51,4870541.0
1519.0,Mumfordganj,3,3.0,17,0.0,0,0,1,1.93,8951623.0
1847.0,Mumfordganj,3,3.0,4,1.0,0,0,1,2.36,12666785.0
1268.0,Naini,2,2.0,31,1.0,0,0,0,6.59,5174063.0
1326.0,Daraganj,2,1.0,10,0.0,1,0,0,4.49,6114846.0
790.0,Bamrauli,1,1.0,20,0.0,0,0,1,7.38,2478957.0
1459.0,Teliyarganj,3,2.0,5,0.0,1,0,0,3.84,9649544.0
1331.0,Teliyarganj,3,2.0,17,1.0,1,0,0,4.11,7363585.0
1742.0,Subedarganj,3,3.0,12,0.0,0,0,1,3.24,8263203.0
1626.0,Jhunsi,4,3.0,17,1.0,0,0,1,9.4,6588947.0
2280.0,Daraganj,5,4.0,12,0.0,0,0,0,4.15,12238465.0
2003.0,Teliyarganj,5,4.0,7,0.0,1,0,0,4.58,14257782.0
628.0,Muthiganj,2,2.0,13,0.0,1,0,0,2.47,2613346.0
903.0,Bamrauli,2,1.0,7,0.0,0,0,1,7.18,3592046.0
1640.0,Tagore Town,4,3.0,35,1.0,0,0,1,2.09,12140158.0
1296.0,Naini,3,3.0,18,0.0,0,0,1,6.78,5977853.0
1588.0,Allahpur,3,2.0,5,1.0,0,0,0,2.81,10649417.0
1060.0,Allahpur,1,1.0,34,1.0,1,0,1,3.01,5273732.0
2239.0,Ashok Nagar,4,3.0,16,0.0,0,0,1,1.06,14675722.0
1103.0,Bamrauli,2,1.0,13,0.0,0,0,1,7.28,3840151.0
3774.75,Stanley Road,3,2.0,4,1.0,1,0,0,0.45,15302209.0
